Energy (MeV),Be7_Flux (cm^{-2} s^{-1}),pep_Flux (cm^{-2} s^{-1})
0.000000e+00,9.987298e-55,8.782555e-172
1.000000e-03,1.409632e-54,1.562024e-171
2.000000e-03,1.988795e-54,2.777031e-171
3.000000e-03,2.804791e-54,4.935146e-171
4.000000e-03,3.954005e-54,8.766891e-171
5.000000e-03,5.571860e-54,1.556745e-170
6.000000e-03,7.848551e-54,2.763221e-170
7.000000e-03,1.105109e-53,4.902754e-170
8.000000e-03,1.555417e-53,8.695426e-170
9.000000e-03,2.188341e-53,1.541586e-169
1.000000e-02,3.077581e-53,2.731940e-169
1.100000e-02,4.326435e-53,4.839503e-169
1.200000e-02,6.079630e-53,8.569523e-169
1.300000e-02,8.539854e-53,1.516837e-168
1.400000e-02,1.199085e-52,2.683782e-168
1.500000e-02,1.682968e-52,4.746592e-168
1.600000e-02,2.361174e-52,8.391565e-168
1.700000e-02,3.311359e-52,1.482963e-167
1.800000e-02,4.642062e-52,2.619653e-167
1.900000e-02,6.504920e-52,4.625766e-167
2.000000e-02,9.111695e-52,8.164879e-167
2.100000e-02,1.275800e-51,1.440596e-166
2.200000e-02,1.785634e-51,2.540744e-166
2.300000e-02,2.498208e-51,4.479255e-166
2.400000e-02,3.493743e-51,7.893635e-166
2.500000e-02,4.884045e-51,1.390512e-165
2.600000e-02,6.824873e-51,2.448490e-165
2.700000e-02,9.533135e-51,4.309715e-165
2.800000e-02,1.331077e-50,7.582718e-165
2.900000e-02,1.857792e-50,1.333606e-164
3.000000e-02,2.591893e-50,2.344534e-164
3.100000e-02,3.614627e-50,4.120138e-164
3.200000e-02,5.038904e-50,7.237578e-164
3.300000e-02,7.021582e-50,1.270870e-163
3.400000e-02,9.780480e-50,2.230669e-163
3.500000e-02,1.361795e-49,3.913772e-163
3.600000e-02,1.895350e-49,6.864077e-163
3.700000e-02,2.636899e-49,1.203359e-162
3.800000e-02,3.667109e-49,2.108794e-162
3.900000e-02,5.097771e-49,3.694024e-162
4.000000e-02,7.083750e-49,6.468320e-162
4.100000e-02,9.839486e-49,1.132165e-161
4.200000e-02,1.366180e-48,1.980860e-161
4.300000e-02,1.896136e-48,3.464372e-161
4.400000e-02,2.630617e-48,6.056495e-161
4.500000e-02,3.648143e-48,1.058387e-160
4.600000e-02,5.057227e-48,1.848817e-160
4.700000e-02,7.007762e-48,3.228269e-160
4.800000e-02,9.706720e-48,5.634713e-160
4.900000e-02,1.343977e-47,9.831055e-160
5.000000e-02,1.860106e-47,1.714568e-159
5.100000e-02,2.573414e-47,2.989067e-159
5.200000e-02,3.558835e-47,5.208861e-159
5.300000e-02,4.919630e-47,9.073528e-159
5.400000e-02,6.798033e-47,1.579923e-158
5.500000e-02,9.389887e-47,2.749932e-158
5.600000e-02,1.296474e-46,4.784474e-158
5.700000e-02,1.789342e-46,8.320947e-158
5.800000e-02,2.468593e-46,1.446564e-157
5.900000e-02,3.404330e-46,2.513788e-157
6.000000e-02,4.692888e-46,4.366627e-157
6.100000e-02,6.466585e-46,7.582106e-157
6.200000e-02,8.907095e-46,1.316012e-156
6.300000e-02,1.226376e-45,2.283264e-156
6.400000e-02,1.687863e-45,3.959849e-156
6.500000e-02,2.322079e-45,6.864793e-156
6.600000e-02,3.193326e-45,1.189604e-155
6.700000e-02,4.389710e-45,2.060649e-155
6.800000e-02,6.031906e-45,3.568056e-155
6.900000e-02,8.285136e-45,6.175691e-155
7.000000e-02,1.137551e-44,1.068479e-154
7.100000e-02,1.561236e-44,1.847874e-154
7.200000e-02,2.141867e-44,3.194516e-154
7.300000e-02,2.937262e-44,5.520319e-154
7.400000e-02,4.026422e-44,9.535634e-154
7.500000e-02,5.517242e-44,1.646498e-153
7.600000e-02,7.557028e-44,2.841837e-153
7.700000e-02,1.034681e-43,4.903016e-153
7.800000e-02,1.416081e-43,8.455783e-153
7.900000e-02,1.937295e-43,1.457708e-152
8.000000e-02,2.649293e-43,2.511965e-152
8.100000e-02,3.621517e-43,4.326961e-152
8.200000e-02,4.948542e-43,7.450383e-152
8.300000e-02,6.759121e-43,1.282332e-151
8.400000e-02,9.228467e-43,2.206219e-151
8.500000e-02,1.259491e-42,3.794226e-151
8.600000e-02,1.718253e-42,6.522648e-151
8.700000e-02,2.343177e-42,1.120859e-150
8.800000e-02,3.194108e-42,1.925326e-150
8.900000e-02,4.352315e-42,3.305856e-150
9.000000e-02,5.928124e-42,5.674005e-150
9.100000e-02,8.071246e-42,9.734685e-150
9.200000e-02,1.098475e-41,1.669477e-149
9.300000e-02,1.494397e-41,2.861970e-149
9.400000e-02,2.032208e-41,4.904289e-149
9.500000e-02,2.762463e-41,8.400659e-149
9.600000e-02,3.753628e-41,1.438391e-148
9.700000e-02,5.098379e-41,2.461880e-148
9.800000e-02,6.922125e-41,4.211947e-148
9.900000e-02,9.394484e-41,7.203198e-148
1.000000e-01,1.274479e-40,1.231386e-147
1.010000e-01,1.728299e-40,2.104210e-147
1.020000e-01,2.342779e-40,3.594267e-147
1.030000e-01,3.174460e-40,6.137025e-147
1.040000e-01,4.299667e-40,1.047446e-146
1.050000e-01,5.821382e-40,1.787030e-146
1.060000e-01,7.878501e-40,3.047602e-146
1.070000e-01,1.065829e-39,5.195303e-146
1.080000e-01,1.441310e-39,8.852987e-146
1.090000e-01,1.948291e-39,1.507978e-145
1.100000e-01,2.632549e-39,2.567595e-145
1.110000e-01,3.555702e-39,4.370030e-145
1.120000e-01,4.800656e-39,7.434786e-145
1.130000e-01,6.478912e-39,1.264384e-144
1.140000e-01,8.740370e-39,2.149391e-144
1.150000e-01,1.178647e-38,3.652401e-144
1.160000e-01,1.588782e-38,6.203941e-144
1.170000e-01,2.140774e-38,1.053375e-143
1.180000e-01,2.883392e-38,1.787825e-143
1.190000e-01,3.882066e-38,3.033144e-143
1.200000e-01,5.224544e-38,5.143839e-143
1.210000e-01,7.028459e-38,8.719829e-143
1.220000e-01,9.451443e-38,1.477593e-142
1.230000e-01,1.270464e-37,2.502811e-142
1.240000e-01,1.707077e-37,4.237674e-142
1.250000e-01,2.292820e-37,7.172215e-142
1.260000e-01,3.078315e-37,1.213404e-141
1.270000e-01,4.131260e-37,2.052030e-141
1.280000e-01,5.542149e-37,3.468872e-141
1.290000e-01,7.431906e-37,5.861640e-141
1.300000e-01,9.962045e-37,9.900938e-141
1.310000e-01,1.334821e-36,1.671706e-140
1.320000e-01,1.787820e-36,2.821431e-140
1.330000e-01,2.393597e-36,4.759984e-140
1.340000e-01,3.203350e-36,8.027269e-140
1.350000e-01,4.285329e-36,1.353183e-139
1.360000e-01,5.730468e-36,2.280191e-139
1.370000e-01,7.659887e-36,3.840718e-139
1.380000e-01,1.023484e-35,6.466657e-139
1.390000e-01,1.366991e-35,1.088362e-138
1.400000e-01,1.825059e-35,1.831022e-138
1.410000e-01,2.435646e-35,3.079213e-138
1.420000e-01,3.249211e-35,5.176215e-138
1.430000e-01,4.332792e-35,8.697835e-138
1.440000e-01,5.775427e-35,1.460953e-137
1.450000e-01,7.695319e-35,2.452944e-137
1.460000e-01,1.024933e-34,4.116853e-137
1.470000e-01,1.364553e-34,6.906680e-137
1.480000e-01,1.815983e-34,1.158243e-136
1.490000e-01,2.415792e-34,1.941584e-136
1.500000e-01,3.212428e-34,3.253411e-136
1.510000e-01,4.270057e-34,5.449392e-136
1.520000e-01,5.673618e-34,9.123961e-136
1.530000e-01,7.535514e-34,1.527021e-135
1.540000e-01,1.000442e-33,2.554659e-135
1.550000e-01,1.327692e-33,4.272157e-135
1.560000e-01,1.761282e-33,7.141472e-135
1.570000e-01,2.335537e-33,1.193313e-134
1.580000e-01,3.095787e-33,1.993185e-134
1.590000e-01,4.101866e-33,3.327875e-134
1.600000e-01,5.432731e-33,5.554086e-134
1.610000e-01,7.192523e-33,9.265833e-134
1.620000e-01,9.518545e-33,1.545193e-133
1.630000e-01,1.259175e-32,2.575771e-133
1.640000e-01,1.665053e-32,4.291982e-133
1.650000e-01,2.200879e-32,7.148830e-133
1.660000e-01,2.907975e-32,1.190250e-132
1.670000e-01,3.840709e-32,1.980924e-132
1.680000e-01,5.070589e-32,3.295519e-132
1.690000e-01,6.691626e-32,5.480321e-132
1.700000e-01,8.827368e-32,9.109917e-132
1.710000e-01,1.164011e-31,1.513733e-131
1.720000e-01,1.534296e-31,2.514260e-131
1.730000e-01,2.021565e-31,4.174433e-131
1.740000e-01,2.662517e-31,6.928051e-131
1.750000e-01,3.505285e-31,1.149346e-130
1.760000e-01,4.612970e-31,1.905975e-130
1.770000e-01,6.068259e-31,3.159436e-130
1.780000e-01,7.979469e-31,5.235139e-130
1.790000e-01,1.048842e-30,8.671081e-130
1.800000e-01,1.378074e-30,1.435637e-129
1.810000e-01,1.809927e-30,2.375976e-129
1.820000e-01,2.376162e-30,3.930664e-129
1.830000e-01,3.118296e-30,6.500040e-129
1.840000e-01,4.090580e-30,1.074465e-128
1.850000e-01,5.363875e-30,1.775396e-128
1.860000e-01,7.030703e-30,2.932406e-128
1.870000e-01,9.211813e-30,4.841494e-128
1.880000e-01,1.206473e-29,7.990260e-128
1.890000e-01,1.579489e-29,1.318162e-127
1.900000e-01,2.067007e-29,2.173716e-127
1.910000e-01,2.703917e-29,3.583135e-127
1.920000e-01,3.535666e-29,5.904048e-127
1.930000e-01,4.621418e-29,9.724400e-127
1.940000e-01,6.038174e-29,1.601039e-126
1.950000e-01,7.886099e-29,2.634921e-126
1.960000e-01,1.029545e-28,4.334703e-126
1.970000e-01,1.343552e-28,7.128160e-126
1.980000e-01,1.752628e-28,1.171714e-125
1.990000e-01,2.285344e-28,1.925273e-125
2.000000e-01,2.978788e-28,3.162200e-125
2.010000e-01,3.881092e-28,5.191735e-125
2.020000e-01,5.054690e-28,8.520440e-125
2.030000e-01,6.580538e-28,1.397777e-124
2.040000e-01,8.563565e-28,2.292133e-124
2.050000e-01,1.113971e-27,3.757233e-124
2.060000e-01,1.448504e-27,6.156343e-124
2.070000e-01,1.882746e-27,1.008332e-123
2.080000e-01,2.446189e-27,1.650862e-123
2.090000e-01,3.176981e-27,2.701745e-123
2.100000e-01,4.124445e-27,4.419815e-123
2.110000e-01,5.352327e-27,7.227533e-123
2.120000e-01,6.942982e-27,1.181415e-122
2.130000e-01,9.002762e-27,1.930372e-122
2.140000e-01,1.166895e-26,3.152869e-122
2.150000e-01,1.511869e-26,5.147508e-122
2.160000e-01,1.958045e-26,8.400680e-122
2.170000e-01,2.534880e-26,1.370434e-121
2.180000e-01,3.280338e-26,2.234746e-121
2.190000e-01,4.243322e-26,3.642709e-121
2.200000e-01,5.486806e-26,5.935360e-121
2.210000e-01,7.091851e-26,9.667093e-121
2.220000e-01,9.162750e-26,1.573878e-120
2.230000e-01,1.183364e-25,2.561371e-120
2.240000e-01,1.527697e-25,4.166776e-120
2.250000e-01,1.971434e-25,6.775699e-120
2.260000e-01,2.543043e-25,1.101373e-119
2.270000e-01,3.279075e-25,1.789538e-119
2.280000e-01,4.226445e-25,2.906523e-119
2.290000e-01,5.445346e-25,4.718814e-119
2.300000e-01,7.012970e-25,7.658050e-119
2.310000e-01,9.028274e-25,1.242310e-118
2.320000e-01,1.161807e-24,2.014503e-118
2.330000e-01,1.494477e-24,3.265368e-118
2.340000e-01,1.921635e-24,5.290815e-118
2.350000e-01,2.469896e-24,8.569182e-118
2.360000e-01,3.173313e-24,1.387339e-117
2.370000e-01,4.075430e-24,2.245183e-117
2.380000e-01,5.231909e-24,3.632014e-117
2.390000e-01,6.713874e-24,5.873127e-117
2.400000e-01,8.612169e-24,9.493309e-117
2.410000e-01,1.104277e-23,1.533883e-116
2.420000e-01,1.415370e-23,2.477381e-116
2.430000e-01,1.813377e-23,3.999631e-116
2.440000e-01,2.322377e-23,6.454659e-116
2.450000e-01,2.973058e-23,1.041245e-115
2.460000e-01,3.804525e-23,1.679031e-115
2.470000e-01,4.866578e-23,2.706394e-115
2.480000e-01,6.222620e-23,4.360632e-115
2.490000e-01,7.953333e-23,7.023187e-115
2.500000e-01,1.016135e-22,1.130694e-114
2.510000e-01,1.297716e-22,1.819628e-114
2.520000e-01,1.656664e-22,2.927158e-114
2.530000e-01,2.114051e-22,4.706911e-114
2.540000e-01,2.696638e-22,7.565754e-114
2.550000e-01,3.438399e-22,1.215611e-113
2.560000e-01,4.382441e-22,1.952376e-113
2.570000e-01,5.583445e-22,3.134429e-113
2.580000e-01,7.110738e-22,5.030135e-113
2.590000e-01,9.052183e-22,8.069140e-113
2.600000e-01,1.151909e-21,1.293901e-112
2.610000e-01,1.465243e-21,2.073964e-112
2.620000e-01,1.863061e-21,3.322979e-112
2.630000e-01,2.367941e-21,5.322067e-112
2.640000e-01,3.008438e-21,8.520387e-112
2.650000e-01,3.820651e-21,1.363530e-111
2.660000e-01,4.850205e-21,2.181203e-111
2.670000e-01,6.154730e-21,3.487819e-111
2.680000e-01,7.807001e-21,5.574913e-111
2.690000e-01,9.898873e-21,8.907349e-111
2.700000e-01,1.254624e-20,1.422608e-110
2.710000e-01,1.589526e-20,2.271162e-110
2.720000e-01,2.013019e-20,3.624410e-110
2.730000e-01,2.548324e-20,5.781664e-110
2.740000e-01,3.224687e-20,9.219231e-110
2.750000e-01,4.078934e-20,1.469477e-109
2.760000e-01,5.157417e-20,2.341300e-109
2.770000e-01,6.518445e-20,3.728875e-109
2.780000e-01,8.235349e-20,5.936421e-109
2.790000e-01,1.040031e-19,9.447087e-109
2.800000e-01,1.312916e-19,1.502787e-108
2.810000e-01,1.656738e-19,2.389589e-108
2.820000e-01,2.089763e-19,3.798178e-108
2.830000e-01,2.634914e-19,6.034671e-108
2.840000e-01,3.320949e-19,9.584253e-108
2.850000e-01,4.183929e-19,1.521560e-107
2.860000e-01,5.269053e-19,2.414606e-107
2.870000e-01,6.632957e-19,3.830274e-107
2.880000e-01,8.346570e-19,6.073508e-107
2.890000e-01,1.049869e-18,9.626660e-107
2.900000e-01,1.320045e-18,1.525239e-106
2.910000e-01,1.659084e-18,2.415608e-106
2.920000e-01,2.084368e-18,3.824207e-106
2.930000e-01,2.617620e-18,6.051773e-106
2.940000e-01,3.285982e-18,9.573044e-106
2.950000e-01,4.123349e-18,1.513714e-105
2.960000e-01,5.172032e-18,2.392565e-105
2.970000e-01,6.484830e-18,3.780159e-105
2.980000e-01,8.127599e-18,5.970115e-105
2.990000e-01,1.018245e-17,9.425004e-105
3.000000e-01,1.275171e-17,1.487328e-104
3.010000e-01,1.596287e-17,2.346163e-104
3.020000e-01,1.997468e-17,3.699438e-104
3.030000e-01,2.498475e-17,5.830956e-104
3.040000e-01,3.123895e-17,9.186923e-104
3.050000e-01,3.904308e-17,1.446860e-103
3.060000e-01,4.877733e-17,2.277768e-103
3.070000e-01,6.091416e-17,3.584417e-103
3.080000e-01,7.604046e-17,5.638375e-103
3.090000e-01,9.488500e-17,8.865754e-103
3.100000e-01,1.183523e-16,1.393489e-102
3.110000e-01,1.475645e-16,2.189363e-102
3.120000e-01,1.839135e-16,3.438416e-102
3.130000e-01,2.291245e-16,5.397905e-102
3.140000e-01,2.853355e-16,8.470680e-102
3.150000e-01,3.551945e-16,1.328733e-101
3.160000e-01,4.419804e-16,2.083451e-101
3.170000e-01,5.497511e-16,3.265542e-101
3.180000e-01,6.835266e-16,5.116270e-101
3.190000e-01,8.495150e-16,8.012684e-101
3.200000e-01,1.055390e-15,1.254379e-100
3.210000e-01,1.310633e-15,1.962935e-100
3.220000e-01,1.626955e-15,3.070501e-100
3.230000e-01,2.018814e-15,4.801079e-100
3.240000e-01,2.504052e-15,7.504033e-100
3.250000e-01,3.104679e-15,1.172403e-99
3.260000e-01,3.847834e-15,1.830988e-99
3.270000e-01,4.766967e-15,2.858382e-99
3.280000e-01,5.903293e-15,4.460476e-99
3.290000e-01,7.307567e-15,6.957746e-99
3.300000e-01,9.042271e-15,1.084881e-98
3.310000e-01,1.118429e-14,1.690916e-98
3.320000e-01,1.382820e-14,2.634440e-98
3.330000e-01,1.709029e-14,4.102803e-98
3.340000e-01,2.111345e-14,6.387037e-98
3.350000e-01,2.607326e-14,9.939040e-98
3.360000e-01,3.218532e-14,1.546022e-97
3.370000e-01,3.971426e-14,2.403883e-97
3.380000e-01,4.898481e-14,3.736261e-97
3.390000e-01,6.039524e-14,5.804801e-97
3.400000e-01,7.443381e-14,9.014960e-97
3.410000e-01,9.169889e-14,1.399479e-96
3.420000e-01,1.129235e-13,2.171678e-96
3.430000e-01,1.390051e-13,3.368610e-96
3.440000e-01,1.710422e-13,5.223148e-96
3.450000e-01,2.103789e-13,8.095435e-96
3.460000e-01,2.586589e-13,1.254222e-95
3.470000e-01,3.178916e-13,1.942382e-95
3.480000e-01,3.905322e-13,3.006917e-95
3.490000e-01,4.795798e-13,4.653014e-95
3.500000e-01,5.886962e-13,7.197366e-95
3.510000e-01,7.223504e-13,1.112856e-94
3.520000e-01,8.859941e-13,1.720010e-94
3.530000e-01,1.086276e-12,2.657352e-94
3.540000e-01,1.331299e-12,4.103869e-94
3.550000e-01,1.630938e-12,6.335255e-94
3.560000e-01,1.997218e-12,9.775997e-94
3.570000e-01,2.444780e-12,1.507941e-93
3.580000e-01,2.991440e-12,2.325058e-93
3.590000e-01,3.658873e-12,3.583518e-93
3.600000e-01,4.473428e-12,5.520923e-93
3.610000e-01,5.467137e-12,8.502370e-93
3.620000e-01,6.678912e-12,1.308864e-92
3.630000e-01,8.156010e-12,2.014075e-92
3.640000e-01,9.955797e-12,3.098010e-92
3.650000e-01,1.214788e-11,4.763391e-92
3.660000e-01,1.481670e-11,7.321095e-92
3.670000e-01,1.806461e-11,1.124766e-91
3.680000e-01,2.201568e-11,1.727326e-91
3.690000e-01,2.682019e-11,2.651631e-91
3.700000e-01,3.266013e-11,4.068909e-91
3.710000e-01,3.975577e-11,6.241215e-91
3.720000e-01,4.837364e-11,9.569441e-91
3.730000e-01,5.883607e-11,1.466663e-90
3.740000e-01,7.153273e-11,2.246986e-90
3.750000e-01,8.693451e-11,3.441095e-90
3.760000e-01,1.056102e-10,5.267678e-90
3.770000e-01,1.282466e-10,8.060614e-90
3.780000e-01,1.556726e-10,1.232944e-89
3.790000e-01,1.888882e-10,1.885145e-89
3.800000e-01,2.290992e-10,2.881194e-89
3.810000e-01,2.777593e-10,4.401761e-89
3.820000e-01,3.366201e-10,6.722127e-89
3.830000e-01,4.077911e-10,1.026156e-88
3.840000e-01,4.938121e-10,1.565835e-88
3.850000e-01,5.977395e-10,2.388390e-88
3.860000e-01,7.232501e-10,3.641587e-88
3.870000e-01,8.747648e-10,5.550120e-88
3.880000e-01,1.057597e-09,8.455520e-88
3.890000e-01,1.278132e-09,1.287670e-87
3.900000e-01,1.544036e-09,1.960176e-87
3.910000e-01,1.864513e-09,2.982716e-87
3.920000e-01,2.250607e-09,4.536857e-87
3.930000e-01,2.715564e-09,6.898020e-87
3.940000e-01,3.275268e-09,1.048383e-86
3.950000e-01,3.948753e-09,1.592730e-86
3.960000e-01,4.758820e-09,2.418746e-86
3.970000e-01,5.732775e-09,3.671680e-86
3.980000e-01,6.903301e-09,5.571417e-86
3.990000e-01,8.309503e-09,8.450701e-86
4.000000e-01,9.998147e-09,1.281286e-85
4.010000e-01,1.202514e-08,1.941895e-85
4.020000e-01,1.445730e-08,2.941925e-85
4.030000e-01,1.737443e-08,4.455166e-85
4.040000e-01,2.087182e-08,6.744074e-85
4.050000e-01,2.506318e-08,1.020486e-84
4.060000e-01,3.008419e-08,1.543541e-84
4.070000e-01,3.609664e-08,2.333756e-84
4.080000e-01,4.329338e-08,3.527111e-84
4.090000e-01,5.190420e-08,5.328550e-84
4.100000e-01,6.220278e-08,8.046838e-84
4.110000e-01,7.451495e-08,1.214696e-83
4.120000e-01,8.922843e-08,1.832890e-83
4.130000e-01,1.068045e-07,2.764595e-83
4.140000e-01,1.277915e-07,4.168241e-83
4.150000e-01,1.528412e-07,6.282036e-83
4.160000e-01,1.827282e-07,9.463990e-83
4.170000e-01,2.183719e-07,1.425195e-82
4.180000e-01,2.608641e-07,2.145363e-82
4.190000e-01,3.115001e-07,3.228149e-82
4.200000e-01,3.718162e-07,4.855485e-82
4.210000e-01,4.436339e-07,7.300253e-82
4.220000e-01,5.291118e-07,1.097159e-81
4.230000e-01,6.308069e-07,1.648266e-81
4.240000e-01,7.517469e-07,2.475207e-81
4.250000e-01,8.955157e-07,3.715539e-81
4.260000e-01,1.066353e-06,5.575176e-81
4.270000e-01,1.269273e-06,8.362220e-81
4.280000e-01,1.510204e-06,1.253750e-80
4.290000e-01,1.796148e-06,1.878998e-80
4.300000e-01,2.135380e-06,2.814934e-80
4.310000e-01,2.537665e-06,4.215376e-80
4.320000e-01,3.014532e-06,6.310020e-80
4.330000e-01,3.579576e-06,9.441726e-80
4.340000e-01,4.248834e-06,1.412207e-79
4.350000e-01,5.041202e-06,2.111405e-79
4.360000e-01,5.978947e-06,3.155521e-79
4.370000e-01,7.088293e-06,4.714080e-79
4.380000e-01,8.400107e-06,7.039617e-79
4.390000e-01,9.950716e-06,1.050818e-78
4.400000e-01,1.178284e-05,1.567949e-78
4.410000e-01,1.394672e-05,2.338638e-78
4.420000e-01,1.650139e-05,3.486745e-78
4.430000e-01,1.951619e-05,5.196413e-78
4.440000e-01,2.307257e-05,7.741292e-78
4.450000e-01,2.726611e-05,1.152788e-77
4.460000e-01,3.220895e-05,1.715979e-77
4.470000e-01,3.803263e-05,2.553292e-77
4.480000e-01,4.489132e-05,3.797654e-77
4.490000e-01,5.296570e-05,5.646204e-77
4.500000e-01,6.246738e-05,8.391200e-77
4.510000e-01,7.364413e-05,1.246573e-76
4.520000e-01,8.678593e-05,1.851134e-76
4.530000e-01,1.022320e-04,2.747794e-76
4.540000e-01,1.203789e-04,4.077151e-76
4.550000e-01,1.416904e-04,6.047219e-76
4.560000e-01,1.667081e-04,8.965630e-76
4.570000e-01,1.960647e-04,1.328716e-75
4.580000e-01,2.304985e-04,1.968385e-75
4.590000e-01,2.708715e-04,2.914835e-75
4.600000e-01,3.181887e-04,4.314638e-75
4.610000e-01,3.736220e-04,6.384118e-75
4.620000e-01,4.385371e-04,9.442430e-75
4.630000e-01,5.145252e-04,1.396024e-74
4.640000e-01,6.034387e-04,2.063138e-74
4.650000e-01,7.074341e-04,3.047825e-74
4.660000e-01,8.290202e-04,4.500679e-74
4.670000e-01,9.711146e-04,6.643429e-74
4.680000e-01,1.137109e-03,9.802410e-74
4.690000e-01,1.330945e-03,1.445772e-73
4.700000e-01,1.557200e-03,2.131537e-73
4.710000e-01,1.821188e-03,3.141320e-73
4.720000e-01,2.129078e-03,4.627622e-73
4.730000e-01,2.488025e-03,6.814435e-73
4.740000e-01,2.906324e-03,1.003063e-72
4.750000e-01,3.393593e-03,1.475885e-72
4.760000e-01,3.960971e-03,2.170718e-72
4.770000e-01,4.621361e-03,3.191395e-72
4.780000e-01,5.389697e-03,4.690119e-72
4.790000e-01,6.283262e-03,6.889910e-72
4.800000e-01,7.322042e-03,1.011741e-71
4.810000e-01,8.529146e-03,1.485086e-71
4.820000e-01,9.931278e-03,2.179015e-71
4.830000e-01,1.155929e-02,3.195913e-71
4.840000e-01,1.344879e-02,4.685502e-71
4.850000e-01,1.564090e-02,6.866627e-71
4.860000e-01,1.818304e-02,1.005905e-70
4.870000e-01,2.112990e-02,1.472980e-70
4.880000e-01,2.454453e-02,2.156072e-70
4.890000e-01,2.849958e-02,3.154683e-70
4.900000e-01,3.307869e-02,4.613966e-70
4.910000e-01,3.837819e-02,6.745583e-70
4.920000e-01,4.450890e-02,9.858045e-70
4.930000e-01,5.159832e-02,1.440086e-69
4.940000e-01,5.979304e-02,2.102869e-69
4.950000e-01,6.926150e-02,3.069463e-69
4.960000e-01,8.019725e-02,4.478565e-69
4.970000e-01,9.282251e-02,6.531932e-69
4.980000e-01,1.073924e-01,9.522932e-69
4.990000e-01,1.241995e-01,1.387797e-68
5.000000e-01,1.435795e-01,2.021657e-68
5.010000e-01,1.659173e-01,2.943848e-68
5.020000e-01,1.916535e-01,4.284988e-68
5.030000e-01,2.212934e-01,6.234620e-68
5.040000e-01,2.554149e-01,9.067691e-68
5.050000e-01,2.946798e-01,1.318286e-67
5.060000e-01,3.398449e-01,1.915795e-67
5.070000e-01,3.917756e-01,2.783009e-67
5.080000e-01,4.514611e-01,4.041163e-67
5.090000e-01,5.200314e-01,5.865763e-67
5.100000e-01,5.987770e-01,8.510771e-67
5.110000e-01,6.891708e-01,1.234354e-66
5.120000e-01,7.928937e-01,1.789520e-66
5.130000e-01,9.118625e-01,2.593342e-66
5.140000e-01,1.048262e+00,3.756725e-66
5.150000e-01,1.204584e+00,5.439828e-66
5.160000e-01,1.383662e+00,7.873853e-66
5.170000e-01,1.588728e+00,1.139241e-65
5.180000e-01,1.823457e+00,1.647670e-65
5.190000e-01,2.092028e+00,2.382052e-65
5.200000e-01,2.399197e+00,3.442378e-65
5.210000e-01,2.750366e+00,4.972697e-65
5.220000e-01,3.151675e+00,7.180452e-65
5.230000e-01,3.610094e+00,1.036425e-64
5.240000e-01,4.133539e+00,1.495375e-64
5.250000e-01,4.730987e+00,2.156696e-64
5.260000e-01,5.412624e+00,3.109237e-64
5.270000e-01,6.189993e+00,4.480691e-64
5.280000e-01,7.076178e+00,6.454498e-64
5.290000e-01,8.085998e+00,9.294077e-64
5.300000e-01,9.236231e+00,1.337754e-63
5.310000e-01,1.054587e+01,1.924743e-63
5.320000e-01,1.203638e+01,2.768186e-63
5.330000e-01,1.373207e+01,3.979643e-63
5.340000e-01,1.566038e+01,5.718990e-63
5.350000e-01,1.785233e+01,8.215250e-63
5.360000e-01,2.034294e+01,1.179637e-62
5.370000e-01,2.317175e+01,1.693178e-62
5.380000e-01,2.638337e+01,2.429310e-62
5.390000e-01,3.002811e+01,3.484091e-62
5.400000e-01,3.416268e+01,4.994849e-62
5.410000e-01,3.885100e+01,7.157832e-62
5.420000e-01,4.416506e+01,1.025338e-61
5.430000e-01,5.018589e+01,1.468178e-61
5.440000e-01,5.700471e+01,2.101438e-61
5.450000e-01,6.472412e+01,3.006637e-61
5.460000e-01,7.345948e+01,4.300030e-61
5.470000e-01,8.334044e+01,6.147356e-61
5.480000e-01,9.451267e+01,8.784792e-61
5.490000e-01,1.071397e+02,1.254876e-60
5.500000e-01,1.214052e+02,1.791829e-60
5.510000e-01,1.375151e+02,2.557517e-60
5.520000e-01,1.557004e+02,3.648941e-60
5.530000e-01,1.762201e+02,5.204049e-60
5.540000e-01,1.993643e+02,7.418946e-60
5.550000e-01,2.254580e+02,1.057230e-59
5.560000e-01,2.548650e+02,1.505992e-59
5.570000e-01,2.879924e+02,2.144383e-59
5.580000e-01,3.252955e+02,3.052167e-59
5.590000e-01,3.672835e+02,4.342507e-59
5.600000e-01,4.145253e+02,6.175883e-59
5.610000e-01,4.676564e+02,8.779784e-59
5.620000e-01,5.273866e+02,1.247656e-58
5.630000e-01,5.945079e+02,1.772280e-58
5.640000e-01,6.699037e+02,2.516494e-58
5.650000e-01,7.545593e+02,3.571790e-58
5.660000e-01,8.495730e+02,5.067597e-58
5.670000e-01,9.561683e+02,7.186949e-58
5.680000e-01,1.075708e+03,1.018857e-57
5.690000e-01,1.209708e+03,1.443805e-57
5.700000e-01,1.359856e+03,2.045172e-57
5.710000e-01,1.528029e+03,2.895859e-57
5.720000e-01,1.716313e+03,4.098748e-57
5.730000e-01,1.927027e+03,5.798978e-57
5.740000e-01,2.162746e+03,8.201210e-57
5.750000e-01,2.426327e+03,1.159393e-56
5.760000e-01,2.720943e+03,1.638361e-56
5.770000e-01,3.050113e+03,2.314275e-56
5.780000e-01,3.417737e+03,3.267733e-56
5.790000e-01,3.828138e+03,4.612161e-56
5.800000e-01,4.286106e+03,6.507117e-56
5.810000e-01,4.796942e+03,9.176965e-56
5.820000e-01,5.366515e+03,1.293707e-55
5.830000e-01,6.001315e+03,1.823051e-55
5.840000e-01,6.708522e+03,2.567959e-55
5.850000e-01,7.496068e+03,3.615794e-55
5.860000e-01,8.372719e+03,5.089153e-55
5.870000e-01,9.348152e+03,7.160011e-55
5.880000e-01,1.043305e+04,1.006950e-54
5.890000e-01,1.163920e+04,1.415562e-54
5.900000e-01,1.297960e+04,1.989188e-54
5.910000e-01,1.446857e+04,2.794146e-54
5.920000e-01,1.612190e+04,3.923273e-54
5.930000e-01,1.795698e+04,5.506484e-54
5.940000e-01,1.999293e+04,7.725499e-54
5.950000e-01,2.225082e+04,1.083440e-53
5.960000e-01,2.475379e+04,1.518831e-53
5.970000e-01,2.752731e+04,2.128338e-53
5.980000e-01,3.059935e+04,2.981246e-53
5.990000e-01,3.400062e+04,4.174277e-53
6.000000e-01,3.776485e+04,5.842398e-53
6.010000e-01,4.192904e+04,8.173860e-53
6.020000e-01,4.653379e+04,1.143114e-52
6.030000e-01,5.162359e+04,1.598005e-52
6.040000e-01,5.724720e+04,2.233023e-52
6.050000e-01,6.345802e+04,3.119136e-52
6.060000e-01,7.031454e+04,4.355138e-52
6.070000e-01,7.788074e+04,6.078489e-52
6.080000e-01,8.622659e+04,8.480388e-52
6.090000e-01,9.542863e+04,1.182666e-51
6.100000e-01,1.055705e+05,1.648674e-51
6.110000e-01,1.167434e+05,2.297384e-51
6.120000e-01,1.290473e+05,3.200065e-51
6.130000e-01,1.425908e+05,4.455642e-51
6.140000e-01,1.574926e+05,6.201375e-51
6.150000e-01,1.738823e+05,8.627641e-51
6.160000e-01,1.919008e+05,1.199837e-50
6.170000e-01,2.117018e+05,1.667934e-50
6.180000e-01,2.334525e+05,2.317725e-50
6.190000e-01,2.573350e+05,3.219371e-50
6.200000e-01,2.835472e+05,4.469989e-50
6.210000e-01,3.123045e+05,6.203949e-50
6.220000e-01,3.438408e+05,8.607088e-50
6.230000e-01,3.784101e+05,1.193632e-49
6.240000e-01,4.162885e+05,1.654669e-49
6.250000e-01,4.577754e+05,2.292862e-49
6.260000e-01,5.031954e+05,3.175931e-49
6.270000e-01,5.529008e+05,4.397345e-49
6.280000e-01,6.072731e+05,6.086060e-49
6.290000e-01,6.667257e+05,8.419925e-49
6.300000e-01,7.317059e+05,1.164412e-48
6.310000e-01,8.026981e+05,1.609648e-48
6.320000e-01,8.802260e+05,2.224241e-48
6.330000e-01,9.648558e+05,3.072267e-48
6.340000e-01,1.057199e+06,4.241919e-48
6.350000e-01,1.157918e+06,5.854531e-48
6.360000e-01,1.267724e+06,8.076962e-48
6.370000e-01,1.387389e+06,1.113859e-47
6.380000e-01,1.517741e+06,1.535461e-47
6.390000e-01,1.659678e+06,2.115795e-47
6.400000e-01,1.814161e+06,2.914303e-47
6.410000e-01,1.982232e+06,4.012565e-47
6.420000e-01,2.165007e+06,5.522500e-47
6.430000e-01,2.363689e+06,7.597587e-47
6.440000e-01,2.579572e+06,1.044821e-46
6.450000e-01,2.814046e+06,1.436264e-46
6.460000e-01,3.068606e+06,1.973573e-46
6.470000e-01,3.344855e+06,2.710805e-46
6.480000e-01,3.644515e+06,3.721942e-46
6.490000e-01,3.969433e+06,5.108193e-46
6.500000e-01,4.321590e+06,7.007953e-46
6.510000e-01,4.703107e+06,9.610398e-46
6.520000e-01,5.116258e+06,1.317401e-45
6.530000e-01,5.563478e+06,1.805180e-45
6.540000e-01,6.047369e+06,2.472576e-45
6.550000e-01,6.570720e+06,3.385361e-45
6.560000e-01,7.136506e+06,4.633259e-45
6.570000e-01,7.747912e+06,6.338617e-45
6.580000e-01,8.408334e+06,8.668195e-45
6.590000e-01,9.121401e+06,1.184920e-44
6.600000e-01,9.890981e+06,1.619108e-44
6.610000e-01,1.072120e+07,2.211510e-44
6.620000e-01,1.161646e+07,3.019452e-44
6.630000e-01,1.258145e+07,4.120916e-44
6.640000e-01,1.362115e+07,5.621932e-44
6.650000e-01,1.474086e+07,7.666617e-44
6.660000e-01,1.594624e+07,1.045077e-43
6.670000e-01,1.724329e+07,1.424029e-43
6.680000e-01,1.863839e+07,1.939617e-43
6.690000e-01,2.013830e+07,2.640822e-43
6.700000e-01,2.175021e+07,3.594088e-43
6.710000e-01,2.348175e+07,4.889501e-43
6.720000e-01,2.534099e+07,6.649159e-43
6.730000e-01,2.733652e+07,9.038474e-43
6.740000e-01,2.947739e+07,1.228145e-42
6.750000e-01,3.177321e+07,1.668133e-42
6.760000e-01,3.423414e+07,2.264843e-42
6.770000e-01,3.687093e+07,3.073771e-42
6.780000e-01,3.969493e+07,4.169955e-42
6.790000e-01,4.271813e+07,5.654803e-42
6.800000e-01,4.595319e+07,7.665312e-42
6.810000e-01,4.941349e+07,1.038648e-41
6.820000e-01,5.311309e+07,1.406804e-41
6.830000e-01,5.706685e+07,1.904692e-41
6.840000e-01,6.129041e+07,2.577758e-41
6.850000e-01,6.580023e+07,3.487273e-41
6.860000e-01,7.061364e+07,4.715808e-41
6.870000e-01,7.574886e+07,6.374593e-41
6.880000e-01,8.122502e+07,8.613409e-41
6.890000e-01,8.706225e+07,1.163386e-40
6.900000e-01,9.328165e+07,1.570722e-40
6.910000e-01,9.990536e+07,2.119828e-40
6.920000e-01,1.069566e+08,2.859752e-40
6.930000e-01,1.144598e+08,3.856404e-40
6.940000e-01,1.224403e+08,5.198318e-40
6.950000e-01,1.309248e+08,7.004376e-40
6.960000e-01,1.399413e+08,9.434140e-40
6.970000e-01,1.495190e+08,1.270169e-39
6.980000e-01,1.596882e+08,1.709413e-39
6.990000e-01,1.704809e+08,2.299634e-39
7.000000e-01,1.819302e+08,3.092408e-39
7.010000e-01,1.940709e+08,4.156818e-39
7.020000e-01,2.069389e+08,5.585366e-39
7.030000e-01,2.205718e+08,7.501852e-39
7.040000e-01,2.350089e+08,1.007191e-38
7.050000e-01,2.502908e+08,1.351702e-38
7.060000e-01,2.664598e+08,1.813330e-38
7.070000e-01,2.835599e+08,2.431637e-38
7.080000e-01,3.016367e+08,3.259471e-38
7.090000e-01,3.207376e+08,4.367387e-38
7.100000e-01,3.409117e+08,5.849551e-38
7.110000e-01,3.622097e+08,7.831585e-38
7.120000e-01,3.846844e+08,1.048101e-37
7.130000e-01,4.083903e+08,1.402112e-37
7.140000e-01,4.333837e+08,1.874946e-37
7.150000e-01,4.597226e+08,2.506230e-37
7.160000e-01,4.874674e+08,3.348725e-37
7.170000e-01,5.166798e+08,4.472644e-37
7.180000e-01,5.474239e+08,5.971390e-37
7.190000e-01,5.797653e+08,7.969166e-37
7.200000e-01,6.137719e+08,1.063106e-36
7.210000e-01,6.495133e+08,1.417642e-36
7.220000e-01,6.870612e+08,1.889656e-36
7.230000e-01,7.264890e+08,2.517823e-36
7.240000e-01,7.678722e+08,3.353467e-36
7.250000e-01,8.112882e+08,4.464667e-36
7.260000e-01,8.568161e+08,5.941697e-36
7.270000e-01,9.045371e+08,7.904203e-36
7.280000e-01,9.545341e+08,1.051071e-35
7.290000e-01,1.006892e+09,1.397115e-35
7.300000e-01,1.061696e+09,1.856345e-35
7.310000e-01,1.119037e+09,2.465537e-35
7.320000e-01,1.179002e+09,3.273336e-35
7.330000e-01,1.241683e+09,4.344061e-35
7.340000e-01,1.307175e+09,5.762720e-35
7.350000e-01,1.375570e+09,7.641620e-35
7.360000e-01,1.446965e+09,1.012907e-34
7.370000e-01,1.521456e+09,1.342085e-34
7.380000e-01,1.599143e+09,1.777530e-34
7.390000e-01,1.680125e+09,2.353314e-34
7.400000e-01,1.764501e+09,3.114363e-34
7.410000e-01,1.852374e+09,4.119882e-34
7.420000e-01,1.943845e+09,5.447869e-34
7.430000e-01,2.039018e+09,7.201033e-34
7.440000e-01,2.137994e+09,9.514572e-34
7.450000e-01,2.240879e+09,1.256637e-33
7.460000e-01,2.347775e+09,1.659041e-33
7.470000e-01,2.458787e+09,2.189426e-33
7.480000e-01,2.574018e+09,2.888217e-33
7.490000e-01,2.693572e+09,3.808515e-33
7.500000e-01,2.817551e+09,5.020048e-33
7.510000e-01,2.946058e+09,6.614336e-33
7.520000e-01,3.079195e+09,8.711460e-33
7.530000e-01,3.217061e+09,1.146890e-32
7.540000e-01,3.359755e+09,1.509313e-32
7.550000e-01,3.507376e+09,1.985467e-32
7.560000e-01,3.660018e+09,2.610794e-32
7.570000e-01,3.817776e+09,3.431695e-32
7.580000e-01,3.980741e+09,4.508905e-32
7.590000e-01,4.149003e+09,5.921882e-32
7.600000e-01,4.322648e+09,7.774540e-32
7.610000e-01,4.501758e+09,1.020272e-31
7.620000e-01,4.686416e+09,1.338392e-31
7.630000e-01,4.876697e+09,1.755001e-31
7.640000e-01,5.072674e+09,2.300368e-31
7.650000e-01,5.274417e+09,3.014003e-31
7.660000e-01,5.481990e+09,3.947448e-31
7.670000e-01,5.695453e+09,5.167915e-31
7.680000e-01,5.914862e+09,6.763018e-31
7.690000e-01,6.140266e+09,8.846919e-31
7.700000e-01,6.371711e+09,1.156831e-30
7.710000e-01,6.609236e+09,1.512077e-30
7.720000e-01,6.852874e+09,1.975624e-30
7.730000e-01,7.102651e+09,2.580244e-30
7.740000e-01,7.358588e+09,3.368556e-30
7.750000e-01,7.620699e+09,4.395952e-30
7.760000e-01,7.888990e+09,5.734406e-30
7.770000e-01,8.163460e+09,7.477393e-30
7.780000e-01,8.444101e+09,9.746265e-30
7.790000e-01,8.730897e+09,1.269850e-29
7.800000e-01,9.023823e+09,1.653839e-29
7.810000e-01,9.322847e+09,2.153079e-29
7.820000e-01,9.627928e+09,2.801904e-29
7.830000e-01,9.939017e+09,3.644791e-29
7.840000e-01,1.025605e+10,4.739346e-29
7.850000e-01,1.057897e+10,6.160137e-29
7.860000e-01,1.090769e+10,8.003661e-29
7.870000e-01,1.124213e+10,1.039473e-28
7.880000e-01,1.158218e+10,1.349473e-28
7.890000e-01,1.192776e+10,1.751222e-28
7.900000e-01,1.227872e+10,2.271667e-28
7.910000e-01,1.263497e+10,2.945604e-28
7.920000e-01,1.299634e+10,3.817951e-28
7.930000e-01,1.336271e+10,4.946667e-28
7.940000e-01,1.373391e+10,6.406506e-28
7.950000e-01,1.410978e+10,8.293847e-28
7.960000e-01,1.449014e+10,1.073290e-27
7.970000e-01,1.487479e+10,1.388368e-27
7.980000e-01,1.526356e+10,1.795222e-27
7.990000e-01,1.565622e+10,2.320375e-27
8.000000e-01,1.605256e+10,2.997950e-27
8.010000e-01,1.645235e+10,3.871836e-27
8.020000e-01,1.685535e+10,4.998455e-27
8.030000e-01,1.726132e+10,6.450314e-27
8.040000e-01,1.767000e+10,8.320554e-27
8.050000e-01,1.808112e+10,1.072877e-26
8.060000e-01,1.849440e+10,1.382846e-26
8.070000e-01,1.890957e+10,1.781657e-26
8.080000e-01,1.932632e+10,2.294566e-26
8.090000e-01,1.974436e+10,2.953952e-26
8.100000e-01,2.016338e+10,3.801303e-26
8.110000e-01,2.058305e+10,4.889763e-26
8.120000e-01,2.100306e+10,6.287376e-26
8.130000e-01,2.142306e+10,8.081227e-26
8.140000e-01,2.184273e+10,1.038273e-25
8.150000e-01,2.226171e+10,1.333435e-25
8.160000e-01,2.267965e+10,1.711823e-25
8.170000e-01,2.309620e+10,2.196705e-25
8.180000e-01,2.351099e+10,2.817806e-25
8.190000e-01,2.392366e+10,3.613073e-25
8.200000e-01,2.433384e+10,4.630934e-25
8.210000e-01,2.474116e+10,5.933170e-25
8.220000e-01,2.514523e+10,7.598559e-25
8.230000e-01,2.554568e+10,9.727517e-25
8.240000e-01,2.594212e+10,1.244798e-24
8.250000e-01,2.633419e+10,1.592291e-24
8.260000e-01,2.672149e+10,2.035972e-24
8.270000e-01,2.710364e+10,2.602243e-24
8.280000e-01,2.748026e+10,3.324681e-24
8.290000e-01,2.785098e+10,4.245984e-24
8.300000e-01,2.821540e+10,5.420422e-24
8.310000e-01,2.857317e+10,6.916941e-24
8.320000e-01,2.892390e+10,8.823103e-24
8.330000e-01,2.926722e+10,1.125006e-23
8.340000e-01,2.960277e+10,1.433886e-23
8.350000e-01,2.993020e+10,1.826841e-23
8.360000e-01,3.024915e+10,2.326555e-23
8.370000e-01,3.055927e+10,2.961774e-23
8.380000e-01,3.086022e+10,3.768920e-23
8.390000e-01,3.115168e+10,4.794112e-23
8.400000e-01,3.143331e+10,6.095730e-23
8.410000e-01,3.170480e+10,7.747642e-23
8.420000e-01,3.196585e+10,9.843275e-23
8.430000e-01,3.221616e+10,1.250075e-22
8.440000e-01,3.245544e+10,1.586933e-22
8.450000e-01,3.268343e+10,2.013760e-22
8.460000e-01,3.289985e+10,2.554364e-22
8.470000e-01,3.310446e+10,3.238802e-22
8.480000e-01,3.329703e+10,4.104990e-22
8.490000e-01,3.347732e+10,5.200753e-22
8.500000e-01,3.364512e+10,6.586377e-22
8.510000e-01,3.380025e+10,8.337833e-22
8.520000e-01,3.394251e+10,1.055082e-21
8.530000e-01,3.407173e+10,1.334582e-21
8.540000e-01,3.418777e+10,1.687450e-21
8.550000e-01,3.429049e+10,2.132763e-21
8.560000e-01,3.437976e+10,2.694515e-21
8.570000e-01,3.445548e+10,3.402867e-21
8.580000e-01,3.451756e+10,4.295716e-21
8.590000e-01,3.456592e+10,5.420664e-21
8.600000e-01,3.460050e+10,6.837474e-21
8.610000e-01,3.462126e+10,8.621148e-21
8.620000e-01,3.462819e+10,1.086578e-20
8.630000e-01,3.462126e+10,1.368935e-20
8.640000e-01,3.460050e+10,1.723976e-20
8.650000e-01,3.456592e+10,2.170230e-20
8.660000e-01,3.451756e+10,2.730905e-20
8.670000e-01,3.445548e+10,3.435056e-20
8.680000e-01,3.437976e+10,4.319040e-20
8.690000e-01,3.429049e+10,5.428339e-20
8.700000e-01,3.418777e+10,6.819821e-20
8.710000e-01,3.407173e+10,8.564564e-20
8.720000e-01,3.394251e+10,1.075137e-19
8.730000e-01,3.380025e+10,1.349114e-19
8.740000e-01,3.364512e+10,1.692232e-19
8.750000e-01,3.347732e+10,2.121765e-19
8.760000e-01,3.329703e+10,2.659261e-19
8.770000e-01,3.310446e+10,3.331585e-19
8.780000e-01,3.289985e+10,4.172219e-19
8.790000e-01,3.268343e+10,5.222876e-19
8.800000e-01,3.245544e+10,6.535495e-19
8.810000e-01,3.221616e+10,8.174734e-19
8.820000e-01,3.196585e+10,1.022104e-18
8.830000e-01,3.170480e+10,1.277446e-18
8.840000e-01,3.143331e+10,1.595940e-18
8.850000e-01,3.115168e+10,1.993044e-18
8.860000e-01,3.086022e+10,2.487960e-18
8.870000e-01,3.055927e+10,3.104532e-18
8.880000e-01,3.024915e+10,3.872356e-18
8.890000e-01,2.993020e+10,4.828148e-18
8.900000e-01,2.960277e+10,6.017447e-18
8.910000e-01,2.926722e+10,7.496701e-18
8.920000e-01,2.892390e+10,9.335861e-18
8.930000e-01,2.857317e+10,1.162157e-17
8.940000e-01,2.821540e+10,1.446111e-17
8.950000e-01,2.785098e+10,1.798725e-17
8.960000e-01,2.748026e+10,2.236423e-17
8.970000e-01,2.710364e+10,2.779519e-17
8.980000e-01,2.672149e+10,3.453119e-17
8.990000e-01,2.633419e+10,4.288247e-17
9.000000e-01,2.594212e+10,5.323218e-17
9.010000e-01,2.554568e+10,6.605337e-17
9.020000e-01,2.514523e+10,8.192982e-17
9.030000e-01,2.474116e+10,1.015817e-16
9.040000e-01,2.433384e+10,1.258969e-16
9.050000e-01,2.392366e+10,1.559699e-16
9.060000e-01,2.351099e+10,1.931492e-16
9.070000e-01,2.309620e+10,2.390955e-16
9.080000e-01,2.267965e+10,2.958531e-16
9.090000e-01,2.226171e+10,3.659377e-16
9.100000e-01,2.184273e+10,4.524436e-16
9.110000e-01,2.142306e+10,5.591753e-16
9.120000e-01,2.100306e+10,6.908088e-16
9.130000e-01,2.058305e+10,8.530883e-16
9.140000e-01,2.016338e+10,1.053068e-15
9.150000e-01,1.974436e+10,1.299407e-15
9.160000e-01,1.932632e+10,1.602729e-15
9.170000e-01,1.890957e+10,1.976066e-15
9.180000e-01,1.849440e+10,2.435392e-15
9.190000e-01,1.808112e+10,3.000286e-15
9.200000e-01,1.767000e+10,3.694731e-15
9.210000e-01,1.726132e+10,4.548092e-15
9.220000e-01,1.685535e+10,5.596312e-15
9.230000e-01,1.645235e+10,6.883366e-15
9.240000e-01,1.605256e+10,8.463034e-15
9.250000e-01,1.565622e+10,1.040106e-14
9.260000e-01,1.526356e+10,1.277778e-14
9.270000e-01,1.487479e+10,1.569132e-14
9.280000e-01,1.449014e+10,1.926149e-14
9.290000e-01,1.410978e+10,2.363451e-14
9.300000e-01,1.373391e+10,2.898875e-14
9.310000e-01,1.336271e+10,3.554174e-14
9.320000e-01,1.299634e+10,4.355863e-14
9.330000e-01,1.263497e+10,5.336247e-14
9.340000e-01,1.227872e+10,6.534675e-14
9.350000e-01,1.192776e+10,7.999049e-14
9.360000e-01,1.158218e+10,9.787662e-14
9.370000e-01,1.124213e+10,1.197143e-13
9.380000e-01,1.090769e+10,1.463656e-13
9.390000e-01,1.057897e+10,1.788787e-13
9.400000e-01,1.025605e+10,2.185266e-13
9.410000e-01,9.939017e+09,2.668556e-13
9.420000e-01,9.627928e+09,3.257427e-13
9.430000e-01,9.322847e+09,3.974653e-13
9.440000e-01,9.023823e+09,4.847861e-13
9.450000e-01,8.730897e+09,5.910542e-13
9.460000e-01,8.444101e+09,7.203288e-13
9.470000e-01,8.163460e+09,8.775270e-13
9.480000e-01,7.888990e+09,1.068603e-12
9.490000e-01,7.620699e+09,1.300765e-12
9.500000e-01,7.358588e+09,1.582732e-12
9.510000e-01,7.102651e+09,1.925051e-12
9.520000e-01,6.852874e+09,2.340472e-12
9.530000e-01,6.609236e+09,2.844401e-12
9.540000e-01,6.371711e+09,3.455449e-12
9.550000e-01,6.140266e+09,4.196087e-12
9.560000e-01,5.914862e+09,5.093435e-12
9.570000e-01,5.695453e+09,6.180211e-12
9.580000e-01,5.481990e+09,7.495872e-12
9.590000e-01,5.274417e+09,9.087978e-12
9.600000e-01,5.072674e+09,1.101384e-11
9.610000e-01,4.876697e+09,1.334247e-11
9.620000e-01,4.686416e+09,1.615699e-11
9.630000e-01,4.501758e+09,1.955738e-11
9.640000e-01,4.322648e+09,2.366394e-11
9.650000e-01,4.149003e+09,2.862134e-11
9.660000e-01,3.980741e+09,3.460342e-11
9.670000e-01,3.817776e+09,4.181907e-11
9.680000e-01,3.660018e+09,5.051915e-11
9.690000e-01,3.507376e+09,6.100480e-11
9.700000e-01,3.359755e+09,7.363736e-11
9.710000e-01,3.217061e+09,8.885026e-11
9.720000e-01,3.079195e+09,1.071632e-10
9.730000e-01,2.946058e+09,1.291988e-10
9.740000e-01,2.817551e+09,1.557033e-10
9.750000e-01,2.693572e+09,1.875701e-10
9.760000e-01,2.574018e+09,2.258684e-10
9.770000e-01,2.458787e+09,2.718777e-10
9.780000e-01,2.347775e+09,3.271283e-10
9.790000e-01,2.240879e+09,3.934494e-10
9.800000e-01,2.137994e+09,4.730270e-10
9.810000e-01,2.039018e+09,5.684722e-10
9.820000e-01,1.943845e+09,6.829028e-10
9.830000e-01,1.852374e+09,8.200395e-10
9.840000e-01,1.764501e+09,9.843214e-10
9.850000e-01,1.680125e+09,1.181042e-09
9.860000e-01,1.599143e+09,1.416512e-09
9.870000e-01,1.521456e+09,1.698248e-09
9.880000e-01,1.446965e+09,2.035206e-09
9.890000e-01,1.375570e+09,2.438047e-09
9.900000e-01,1.307175e+09,2.919456e-09
9.910000e-01,1.241683e+09,3.494524e-09
9.920000e-01,1.179002e+09,4.181195e-09
9.930000e-01,1.119037e+09,5.000796e-09
9.940000e-01,1.061696e+09,5.978664e-09
9.950000e-01,1.006892e+09,7.144888e-09
9.960000e-01,9.545341e+08,8.535186e-09
9.970000e-01,9.045371e+08,1.019194e-08
9.980000e-01,8.568161e+08,1.216542e-08
9.990000e-01,8.112882e+08,1.451521e-08
1.000000e+00,7.678722e+08,1.731195e-08
1.001000e+00,7.264890e+08,2.063930e-08
1.002000e+00,6.870612e+08,2.459633e-08
1.003000e+00,6.495133e+08,2.930028e-08
1.004000e+00,6.137719e+08,3.488989e-08
1.005000e+00,5.797653e+08,4.152922e-08
1.006000e+00,5.474239e+08,4.941219e-08
1.007000e+00,5.166798e+08,5.876798e-08
1.008000e+00,4.874674e+08,6.986726e-08
1.009000e+00,4.597226e+08,8.302960e-08
1.010000e+00,4.333837e+08,9.863214e-08
1.011000e+00,4.083903e+08,1.171198e-07
1.012000e+00,3.846844e+08,1.390171e-07
1.013000e+00,3.622097e+08,1.649425e-07
1.014000e+00,3.409117e+08,1.956245e-07
1.015000e+00,3.207376e+08,2.319211e-07
1.016000e+00,3.016367e+08,2.748422e-07
1.017000e+00,2.835599e+08,3.255764e-07
1.018000e+00,2.664598e+08,3.855216e-07
1.019000e+00,2.502908e+08,4.563213e-07
1.020000e+00,2.350089e+08,5.399072e-07
1.021000e+00,2.205718e+08,6.385482e-07
1.022000e+00,2.069389e+08,7.549090e-07
1.023000e+00,1.940709e+08,8.921169e-07
1.024000e+00,1.819302e+08,1.053841e-06
1.025000e+00,1.704809e+08,1.244386e-06
1.026000e+00,1.596882e+08,1.468794e-06
1.027000e+00,1.495190e+08,1.732979e-06
1.028000e+00,1.399413e+08,2.043864e-06
1.029000e+00,1.309248e+08,2.409555e-06
1.030000e+00,1.224403e+08,2.839540e-06
1.031000e+00,1.144598e+08,3.344917e-06
1.032000e+00,1.069566e+08,3.938665e-06
1.033000e+00,9.990536e+07,4.635954e-06
1.034000e+00,9.328165e+07,5.454505e-06
1.035000e+00,8.706225e+07,6.415019e-06
1.036000e+00,8.122502e+07,7.541657e-06
1.037000e+00,7.574886e+07,8.862615e-06
1.038000e+00,7.061364e+07,1.041078e-05
1.039000e+00,6.580023e+07,1.222450e-05
1.040000e+00,6.129041e+07,1.434845e-05
1.041000e+00,5.706685e+07,1.683469e-05
1.042000e+00,5.311309e+07,1.974385e-05
1.043000e+00,4.941349e+07,2.314646e-05
1.044000e+00,4.595319e+07,2.712462e-05
1.045000e+00,4.271813e+07,3.177380e-05
1.046000e+00,3.969493e+07,3.720495e-05
1.047000e+00,3.687093e+07,4.354705e-05
1.048000e+00,3.423414e+07,5.094986e-05
1.049000e+00,3.177321e+07,5.958727e-05
1.050000e+00,2.947739e+07,6.966109e-05
1.051000e+00,2.733652e+07,8.140542e-05
1.052000e+00,2.534099e+07,9.509172e-05
1.053000e+00,2.348175e+07,1.110346e-04
1.054000e+00,2.175021e+07,1.295986e-04
1.055000e+00,2.013830e+07,1.512058e-04
1.056000e+00,1.863839e+07,1.763449e-04
1.057000e+00,1.724329e+07,2.055814e-04
1.058000e+00,1.594624e+07,2.395691e-04
1.059000e+00,1.474086e+07,2.790642e-04
1.060000e+00,1.362115e+07,3.249404e-04
1.061000e+00,1.258145e+07,3.782071e-04
1.062000e+00,1.161646e+07,4.400296e-04
1.063000e+00,1.072120e+07,5.117529e-04
1.064000e+00,9.890981e+06,5.949289e-04
1.065000e+00,9.121401e+06,6.913470e-04
1.066000e+00,8.408334e+06,8.030700e-04
1.067000e+00,7.747912e+06,9.324746e-04
1.068000e+00,7.136506e+06,1.082298e-03
1.069000e+00,6.570720e+06,1.255692e-03
1.070000e+00,6.047369e+06,1.456282e-03
1.071000e+00,5.563478e+06,1.688240e-03
1.072000e+00,5.116258e+06,1.956362e-03
1.073000e+00,4.703107e+06,2.266160e-03
1.074000e+00,4.321590e+06,2.623965e-03
1.075000e+00,3.969433e+06,3.037050e-03
1.076000e+00,3.644515e+06,3.513760e-03
1.077000e+00,3.344855e+06,4.063671e-03
1.078000e+00,3.068606e+06,4.697764e-03
1.079000e+00,2.814046e+06,5.428629e-03
1.080000e+00,2.579572e+06,6.270691e-03
1.081000e+00,2.363689e+06,7.240474e-03
1.082000e+00,2.165007e+06,8.356892e-03
1.083000e+00,1.982232e+06,9.641596e-03
1.084000e+00,1.814161e+06,1.111935e-02
1.085000e+00,1.659678e+06,1.281846e-02
1.086000e+00,1.517741e+06,1.477131e-02
1.087000e+00,1.387389e+06,1.701485e-02
1.088000e+00,1.267724e+06,1.959132e-02
1.089000e+00,1.157918e+06,2.254891e-02
1.090000e+00,1.057199e+06,2.594261e-02
1.091000e+00,9.648558e+05,2.983513e-02
1.092000e+00,8.802260e+05,3.429799e-02
1.093000e+00,8.026981e+05,3.941264e-02
1.094000e+00,7.317059e+05,4.527190e-02
1.095000e+00,6.667257e+05,5.198143e-02
1.096000e+00,6.072731e+05,5.966148e-02
1.097000e+00,5.529008e+05,6.844884e-02
1.098000e+00,5.031954e+05,7.849906e-02
1.099000e+00,4.577754e+05,8.998893e-02
1.100000e+00,4.162885e+05,1.031193e-01
1.101000e+00,3.784101e+05,1.181183e-01
1.102000e+00,3.438408e+05,1.352448e-01
1.103000e+00,3.123045e+05,1.547927e-01
1.104000e+00,2.835472e+05,1.770951e-01
1.105000e+00,2.573350e+05,2.025297e-01
1.106000e+00,2.334525e+05,2.315247e-01
1.107000e+00,2.117018e+05,2.645649e-01
1.108000e+00,1.919008e+05,3.021993e-01
1.109000e+00,1.738823e+05,3.450491e-01
1.110000e+00,1.574926e+05,3.938171e-01
1.111000e+00,1.425908e+05,4.492981e-01
1.112000e+00,1.290473e+05,5.123903e-01
1.113000e+00,1.167434e+05,5.841084e-01
1.114000e+00,1.055705e+05,6.655985e-01
1.115000e+00,9.542863e+04,7.581541e-01
1.116000e+00,8.622659e+04,8.632347e-01
1.117000e+00,7.788074e+04,9.824865e-01
1.118000e+00,7.031454e+04,1.117765e+00
1.119000e+00,6.345802e+04,1.271162e+00
1.120000e+00,5.724720e+04,1.445032e+00
1.121000e+00,5.162359e+04,1.642027e+00
1.122000e+00,4.653379e+04,1.865131e+00
1.123000e+00,4.192904e+04,2.117702e+00
1.124000e+00,3.776485e+04,2.403513e+00
1.125000e+00,3.400062e+04,2.726807e+00
1.126000e+00,3.059935e+04,3.092350e+00
1.127000e+00,2.752731e+04,3.505494e+00
1.128000e+00,2.475379e+04,3.972245e+00
1.129000e+00,2.225082e+04,4.499343e+00
1.130000e+00,1.999293e+04,5.094346e+00
1.131000e+00,1.795698e+04,5.765728e+00
1.132000e+00,1.612190e+04,6.522980e+00
1.133000e+00,1.446857e+04,7.376737e+00
1.134000e+00,1.297960e+04,8.338900e+00
1.135000e+00,1.163920e+04,9.422791e+00
1.136000e+00,1.043305e+04,1.064331e+01
1.137000e+00,9.348152e+03,1.201711e+01
1.138000e+00,8.372719e+03,1.356281e+01
1.139000e+00,7.496068e+03,1.530120e+01
1.140000e+00,6.708522e+03,1.725551e+01
1.141000e+00,6.001315e+03,1.945164e+01
1.142000e+00,5.366515e+03,2.191851e+01
1.143000e+00,4.796942e+03,2.468835e+01
1.144000e+00,4.286106e+03,2.779709e+01
1.145000e+00,3.828138e+03,3.128477e+01
1.146000e+00,3.417737e+03,3.519596e+01
1.147000e+00,3.050113e+03,3.958029e+01
1.148000e+00,2.720943e+03,4.449298e+01
1.149000e+00,2.426327e+03,4.999542e+01
1.150000e+00,2.162746e+03,5.615588e+01
1.151000e+00,1.927027e+03,6.305021e+01
1.152000e+00,1.716313e+03,7.076265e+01
1.153000e+00,1.528029e+03,7.938674e+01
1.154000e+00,1.359856e+03,8.902626e+01
1.155000e+00,1.209708e+03,9.979632e+01
1.156000e+00,1.075708e+03,1.118246e+02
1.157000e+00,9.561683e+02,1.252525e+02
1.158000e+00,8.495730e+02,1.402367e+02
1.159000e+00,7.545593e+02,1.569506e+02
1.160000e+00,6.699037e+02,1.755864e+02
1.161000e+00,5.945079e+02,1.963564e+02
1.162000e+00,5.273866e+02,2.194954e+02
1.163000e+00,4.676564e+02,2.452631e+02
1.164000e+00,4.145253e+02,2.739461e+02
1.165000e+00,3.672835e+02,3.058612e+02
1.166000e+00,3.252955e+02,3.413579e+02
1.167000e+00,2.879924e+02,3.808217e+02
1.168000e+00,2.548650e+02,4.246781e+02
1.169000e+00,2.254580e+02,4.733956e+02
1.170000e+00,1.993643e+02,5.274908e+02
1.171000e+00,1.762201e+02,5.875324e+02
1.172000e+00,1.557004e+02,6.541465e+02
1.173000e+00,1.375151e+02,7.280221e+02
1.174000e+00,1.214052e+02,8.099167e+02
1.175000e+00,1.071397e+02,9.006632e+02
1.176000e+00,9.451267e+01,1.001177e+03
1.177000e+00,8.334044e+01,1.112463e+03
1.178000e+00,7.345948e+01,1.235624e+03
1.179000e+00,6.472412e+01,1.371872e+03
1.180000e+00,5.700471e+01,1.522534e+03
1.181000e+00,5.018589e+01,1.689067e+03
1.182000e+00,4.416506e+01,1.873065e+03
1.183000e+00,3.885100e+01,2.076276e+03
1.184000e+00,3.416268e+01,2.300614e+03
1.185000e+00,3.002811e+01,2.548172e+03
1.186000e+00,2.638337e+01,2.821239e+03
1.187000e+00,2.317175e+01,3.122319e+03
1.188000e+00,2.034294e+01,3.454149e+03
1.189000e+00,1.785233e+01,3.819716e+03
1.190000e+00,1.566038e+01,4.222283e+03
1.191000e+00,1.373207e+01,4.665412e+03
1.192000e+00,1.203638e+01,5.152985e+03
1.193000e+00,1.054587e+01,5.689237e+03
1.194000e+00,9.236231e+00,6.278782e+03
1.195000e+00,8.085998e+00,6.926649e+03
1.196000e+00,7.076178e+00,7.638308e+03
1.197000e+00,6.189993e+00,8.419716e+03
1.198000e+00,5.412624e+00,9.277351e+03
1.199000e+00,4.730987e+00,1.021826e+04
1.200000e+00,4.133539e+00,1.125009e+04
1.201000e+00,3.610094e+00,1.238116e+04
1.202000e+00,3.151675e+00,1.362050e+04
1.203000e+00,2.750366e+00,1.497790e+04
1.204000e+00,2.399197e+00,1.646400e+04
1.205000e+00,2.092028e+00,1.809030e+04
1.206000e+00,1.823457e+00,1.986930e+04
1.207000e+00,1.588728e+00,2.181453e+04
1.208000e+00,1.383662e+00,2.394061e+04
1.209000e+00,1.204584e+00,2.626339e+04
1.210000e+00,1.048262e+00,2.880002e+04
1.211000e+00,9.118625e-01,3.156901e+04
1.212000e+00,7.928937e-01,3.459040e+04
1.213000e+00,6.891708e-01,3.788579e+04
1.214000e+00,5.987770e-01,4.147854e+04
1.215000e+00,5.200314e-01,4.539382e+04
1.216000e+00,4.514611e-01,4.965882e+04
1.217000e+00,3.917756e-01,5.430282e+04
1.218000e+00,3.398449e-01,5.935736e+04
1.219000e+00,2.946798e-01,6.485643e+04
1.220000e+00,2.554149e-01,7.083662e+04
1.221000e+00,2.212934e-01,7.733728e+04
1.222000e+00,1.916535e-01,8.440073e+04
1.223000e+00,1.659173e-01,9.207248e+04
1.224000e+00,1.435795e-01,1.004014e+05
1.225000e+00,1.241995e-01,1.094400e+05
1.226000e+00,1.073924e-01,1.192445e+05
1.227000e+00,9.282251e-02,1.298755e+05
1.228000e+00,8.019725e-02,1.413976e+05
1.229000e+00,6.926150e-02,1.538805e+05
1.230000e+00,5.979304e-02,1.673983e+05
1.231000e+00,5.159832e-02,1.820308e+05
1.232000e+00,4.450890e-02,1.978632e+05
1.233000e+00,3.837819e-02,2.149867e+05
1.234000e+00,3.307869e-02,2.334986e+05
1.235000e+00,2.849958e-02,2.535031e+05
1.236000e+00,2.454453e-02,2.751114e+05
1.237000e+00,2.112990e-02,2.984421e+05
1.238000e+00,1.818304e-02,3.236220e+05
1.239000e+00,1.564090e-02,3.507859e+05
1.240000e+00,1.344879e-02,3.800778e+05
1.241000e+00,1.155929e-02,4.116511e+05
1.242000e+00,9.931278e-03,4.456688e+05
1.243000e+00,8.529146e-03,4.823047e+05
1.244000e+00,7.322042e-03,5.217435e+05
1.245000e+00,6.283262e-03,5.641815e+05
1.246000e+00,5.389697e-03,6.098275e+05
1.247000e+00,4.621361e-03,6.589028e+05
1.248000e+00,3.960971e-03,7.116428e+05
1.249000e+00,3.393593e-03,7.682968e+05
1.250000e+00,2.906324e-03,8.291293e+05
1.251000e+00,2.488025e-03,8.944205e+05
1.252000e+00,2.129078e-03,9.644674e+05
1.253000e+00,1.821188e-03,1.039584e+06
1.254000e+00,1.557200e-03,1.120103e+06
1.255000e+00,1.330945e-03,1.206376e+06
1.256000e+00,1.137109e-03,1.298774e+06
1.257000e+00,9.711146e-04,1.397690e+06
1.258000e+00,8.290202e-04,1.503538e+06
1.259000e+00,7.074341e-04,1.616755e+06
1.260000e+00,6.034387e-04,1.737801e+06
1.261000e+00,5.145252e-04,1.867164e+06
1.262000e+00,4.385371e-04,2.005354e+06
1.263000e+00,3.736220e-04,2.152911e+06
1.264000e+00,3.181887e-04,2.310400e+06
1.265000e+00,2.708715e-04,2.478419e+06
1.266000e+00,2.304985e-04,2.657593e+06
1.267000e+00,1.960647e-04,2.848580e+06
1.268000e+00,1.667081e-04,3.052072e+06
1.269000e+00,1.416904e-04,3.268793e+06
1.270000e+00,1.203789e-04,3.499502e+06
1.271000e+00,1.022320e-04,3.744997e+06
1.272000e+00,8.678593e-05,4.006110e+06
1.273000e+00,7.364413e-05,4.283716e+06
1.274000e+00,6.246738e-05,4.578726e+06
1.275000e+00,5.296570e-05,4.892096e+06
1.276000e+00,4.489132e-05,5.224822e+06
1.277000e+00,3.803263e-05,5.577947e+06
1.278000e+00,3.220895e-05,5.952557e+06
1.279000e+00,2.726611e-05,6.349784e+06
1.280000e+00,2.307257e-05,6.770810e+06
1.281000e+00,1.951619e-05,7.216866e+06
1.282000e+00,1.650139e-05,7.689231e+06
1.283000e+00,1.394672e-05,8.189238e+06
1.284000e+00,1.178284e-05,8.718270e+06
1.285000e+00,9.950716e-06,9.277766e+06
1.286000e+00,8.400107e-06,9.869220e+06
1.287000e+00,7.088293e-06,1.049418e+07
1.288000e+00,5.978947e-06,1.115425e+07
1.289000e+00,5.041202e-06,1.185110e+07
1.290000e+00,4.248834e-06,1.258645e+07
1.291000e+00,3.579576e-06,1.336208e+07
1.292000e+00,3.014532e-06,1.417983e+07
1.293000e+00,2.537665e-06,1.504162e+07
1.294000e+00,2.135380e-06,1.594939e+07
1.295000e+00,1.796148e-06,1.690519e+07
1.296000e+00,1.510204e-06,1.791110e+07
1.297000e+00,1.269273e-06,1.896928e+07
1.298000e+00,1.066353e-06,2.008194e+07
1.299000e+00,8.955157e-07,2.125136e+07
1.300000e+00,7.517469e-07,2.247988e+07
1.301000e+00,6.308069e-07,2.376992e+07
1.302000e+00,5.291118e-07,2.512393e+07
1.303000e+00,4.436339e-07,2.654445e+07
1.304000e+00,3.718162e-07,2.803408e+07
1.305000e+00,3.115001e-07,2.959545e+07
1.306000e+00,2.608641e-07,3.123130e+07
1.307000e+00,2.183719e-07,3.294438e+07
1.308000e+00,1.827282e-07,3.473753e+07
1.309000e+00,1.528412e-07,3.661364e+07
1.310000e+00,1.277915e-07,3.857563e+07
1.311000e+00,1.068045e-07,4.062651e+07
1.312000e+00,8.922843e-08,4.276931e+07
1.313000e+00,7.451495e-08,4.500712e+07
1.314000e+00,6.220278e-08,4.734309e+07
1.315000e+00,5.190420e-08,4.978037e+07
1.316000e+00,4.329338e-08,5.232220e+07
1.317000e+00,3.609664e-08,5.497183e+07
1.318000e+00,3.008419e-08,5.773253e+07
1.319000e+00,2.506318e-08,6.060763e+07
1.320000e+00,2.087182e-08,6.360047e+07
1.321000e+00,1.737443e-08,6.671440e+07
1.322000e+00,1.445730e-08,6.995280e+07
1.323000e+00,1.202514e-08,7.331907e+07
1.324000e+00,9.998147e-09,7.681660e+07
1.325000e+00,8.309503e-09,8.044879e+07
1.326000e+00,6.903301e-09,8.421902e+07
1.327000e+00,5.732775e-09,8.813069e+07
1.328000e+00,4.758820e-09,9.218715e+07
1.329000e+00,3.948753e-09,9.639177e+07
1.330000e+00,3.275268e-09,1.007478e+08
1.331000e+00,2.715564e-09,1.052587e+08
1.332000e+00,2.250607e-09,1.099275e+08
1.333000e+00,1.864513e-09,1.147575e+08
1.334000e+00,1.544036e-09,1.197517e+08
1.335000e+00,1.278132e-09,1.249134e+08
1.336000e+00,1.057597e-09,1.302455e+08
1.337000e+00,8.747648e-10,1.357508e+08
1.338000e+00,7.232501e-10,1.414322e+08
1.339000e+00,5.977395e-10,1.472926e+08
1.340000e+00,4.938121e-10,1.533343e+08
1.341000e+00,4.077911e-10,1.595601e+08
1.342000e+00,3.366201e-10,1.659723e+08
1.343000e+00,2.777593e-10,1.725731e+08
1.344000e+00,2.290992e-10,1.793646e+08
1.345000e+00,1.888882e-10,1.863489e+08
1.346000e+00,1.556726e-10,1.935277e+08
1.347000e+00,1.282466e-10,2.009027e+08
1.348000e+00,1.056102e-10,2.084753e+08
1.349000e+00,8.693451e-11,2.162469e+08
1.350000e+00,7.153273e-11,2.242184e+08
1.351000e+00,5.883607e-11,2.323909e+08
1.352000e+00,4.837364e-11,2.407649e+08
1.353000e+00,3.975577e-11,2.493408e+08
1.354000e+00,3.266013e-11,2.581190e+08
1.355000e+00,2.682019e-11,2.670994e+08
1.356000e+00,2.201568e-11,2.762816e+08
1.357000e+00,1.806461e-11,2.856653e+08
1.358000e+00,1.481670e-11,2.952495e+08
1.359000e+00,1.214788e-11,3.050333e+08
1.360000e+00,9.955797e-12,3.150152e+08
1.361000e+00,8.156010e-12,3.251936e+08
1.362000e+00,6.678912e-12,3.355667e+08
1.363000e+00,5.467137e-12,3.461322e+08
1.364000e+00,4.473428e-12,3.568876e+08
1.365000e+00,3.658873e-12,3.678300e+08
1.366000e+00,2.991440e-12,3.789563e+08
1.367000e+00,2.444780e-12,3.902630e+08
1.368000e+00,1.997218e-12,4.017463e+08
1.369000e+00,1.630938e-12,4.134021e+08
1.370000e+00,1.331299e-12,4.252260e+08
1.371000e+00,1.086276e-12,4.372131e+08
1.372000e+00,8.859941e-13,4.493584e+08
1.373000e+00,7.223504e-13,4.616564e+08
1.374000e+00,5.886962e-13,4.741012e+08
1.375000e+00,4.795798e-13,4.866868e+08
1.376000e+00,3.905322e-13,4.994067e+08
1.377000e+00,3.178916e-13,5.122541e+08
1.378000e+00,2.586589e-13,5.252219e+08
1.379000e+00,2.103789e-13,5.383026e+08
1.380000e+00,1.710422e-13,5.514884e+08
1.381000e+00,1.390051e-13,5.647713e+08
1.382000e+00,1.129235e-13,5.781427e+08
1.383000e+00,9.169889e-14,5.915941e+08
1.384000e+00,7.443381e-14,6.051164e+08
1.385000e+00,6.039524e-14,6.187002e+08
1.386000e+00,4.898481e-14,6.323359e+08
1.387000e+00,3.971426e-14,6.460138e+08
1.388000e+00,3.218532e-14,6.597235e+08
1.389000e+00,2.607326e-14,6.734547e+08
1.390000e+00,2.111345e-14,6.871969e+08
1.391000e+00,1.709029e-14,7.009390e+08
1.392000e+00,1.382820e-14,7.146699e+08
1.393000e+00,1.118429e-14,7.283785e+08
1.394000e+00,9.042271e-15,7.420531e+08
1.395000e+00,7.307567e-15,7.556821e+08
1.396000e+00,5.903293e-15,7.692537e+08
1.397000e+00,4.766967e-15,7.827558e+08
1.398000e+00,3.847834e-15,7.961764e+08
1.399000e+00,3.104679e-15,8.095033e+08
1.400000e+00,2.504052e-15,8.227240e+08
1.401000e+00,2.018814e-15,8.358263e+08
1.402000e+00,1.626955e-15,8.487976e+08
1.403000e+00,1.310633e-15,8.616256e+08
1.404000e+00,1.055390e-15,8.742976e+08
1.405000e+00,8.495150e-16,8.868012e+08
1.406000e+00,6.835266e-16,8.991239e+08
1.407000e+00,5.497511e-16,9.112532e+08
1.408000e+00,4.419804e-16,9.231768e+08
1.409000e+00,3.551945e-16,9.348824e+08
1.410000e+00,2.853355e-16,9.463579e+08
1.411000e+00,2.291245e-16,9.575910e+08
1.412000e+00,1.839135e-16,9.685700e+08
1.413000e+00,1.475645e-16,9.792831e+08
1.414000e+00,1.183523e-16,9.897187e+08
1.415000e+00,9.488500e-17,9.998655e+08
1.416000e+00,7.604046e-17,1.009712e+09
1.417000e+00,6.091416e-17,1.019248e+09
1.418000e+00,4.877733e-17,1.028463e+09
1.419000e+00,3.904308e-17,1.037346e+09
1.420000e+00,3.123895e-17,1.045887e+09
1.421000e+00,2.498475e-17,1.054077e+09
1.422000e+00,1.997468e-17,1.061906e+09
1.423000e+00,1.596287e-17,1.069366e+09
1.424000e+00,1.275171e-17,1.076447e+09
1.425000e+00,1.018245e-17,1.083141e+09
1.426000e+00,8.127599e-18,1.089442e+09
1.427000e+00,6.484830e-18,1.095341e+09
1.428000e+00,5.172032e-18,1.100831e+09
1.429000e+00,4.123349e-18,1.105907e+09
1.430000e+00,3.285982e-18,1.110561e+09
1.431000e+00,2.617620e-18,1.114789e+09
1.432000e+00,2.084368e-18,1.118586e+09
1.433000e+00,1.659084e-18,1.121947e+09
1.434000e+00,1.320045e-18,1.124868e+09
1.435000e+00,1.049869e-18,1.127345e+09
1.436000e+00,8.346570e-19,1.129376e+09
1.437000e+00,6.632957e-19,1.130959e+09
1.438000e+00,5.269053e-19,1.132090e+09
1.439000e+00,4.183929e-19,1.132769e+09
1.440000e+00,3.320949e-19,1.132996e+09
1.441000e+00,2.634914e-19,1.132769e+09
1.442000e+00,2.089763e-19,1.132090e+09
1.443000e+00,1.656738e-19,1.130959e+09
1.444000e+00,1.312916e-19,1.129376e+09
1.445000e+00,1.040031e-19,1.127345e+09
1.446000e+00,8.235349e-20,1.124868e+09
1.447000e+00,6.518445e-20,1.121947e+09
1.448000e+00,5.157417e-20,1.118586e+09
1.449000e+00,4.078934e-20,1.114789e+09
1.450000e+00,3.224687e-20,1.110561e+09
1.451000e+00,2.548324e-20,1.105907e+09
1.452000e+00,2.013019e-20,1.100831e+09
1.453000e+00,1.589526e-20,1.095341e+09
1.454000e+00,1.254624e-20,1.089442e+09
1.455000e+00,9.898873e-21,1.083141e+09
1.456000e+00,7.807001e-21,1.076447e+09
1.457000e+00,6.154730e-21,1.069366e+09
1.458000e+00,4.850205e-21,1.061906e+09
1.459000e+00,3.820651e-21,1.054077e+09
1.460000e+00,3.008438e-21,1.045887e+09
1.461000e+00,2.367941e-21,1.037346e+09
1.462000e+00,1.863061e-21,1.028463e+09
1.463000e+00,1.465243e-21,1.019248e+09
1.464000e+00,1.151909e-21,1.009712e+09
1.465000e+00,9.052183e-22,9.998655e+08
1.466000e+00,7.110738e-22,9.897187e+08
1.467000e+00,5.583445e-22,9.792831e+08
1.468000e+00,4.382441e-22,9.685700e+08
1.469000e+00,3.438399e-22,9.575910e+08
1.470000e+00,2.696638e-22,9.463579e+08
1.471000e+00,2.114051e-22,9.348824e+08
1.472000e+00,1.656664e-22,9.231768e+08
1.473000e+00,1.297716e-22,9.112532e+08
1.474000e+00,1.016135e-22,8.991239e+08
1.475000e+00,7.953333e-23,8.868012e+08
1.476000e+00,6.222620e-23,8.742976e+08
1.477000e+00,4.866578e-23,8.616256e+08
1.478000e+00,3.804525e-23,8.487976e+08
1.479000e+00,2.973058e-23,8.358263e+08
1.480000e+00,2.322377e-23,8.227240e+08
1.481000e+00,1.813377e-23,8.095033e+08
1.482000e+00,1.415370e-23,7.961764e+08
1.483000e+00,1.104277e-23,7.827558e+08
1.484000e+00,8.612169e-24,7.692537e+08
1.485000e+00,6.713874e-24,7.556821e+08
1.486000e+00,5.231909e-24,7.420531e+08
1.487000e+00,4.075430e-24,7.283785e+08
1.488000e+00,3.173313e-24,7.146699e+08
1.489000e+00,2.469896e-24,7.009390e+08
1.490000e+00,1.921635e-24,6.871969e+08
1.491000e+00,1.494477e-24,6.734547e+08
1.492000e+00,1.161807e-24,6.597235e+08
1.493000e+00,9.028274e-25,6.460138e+08
1.494000e+00,7.012970e-25,6.323359e+08
1.495000e+00,5.445346e-25,6.187002e+08
1.496000e+00,4.226445e-25,6.051164e+08
1.497000e+00,3.279075e-25,5.915941e+08
1.498000e+00,2.543043e-25,5.781427e+08
1.499000e+00,1.971434e-25,5.647713e+08
1.500000e+00,1.527697e-25,5.514884e+08
1.501000e+00,1.183364e-25,5.383026e+08
1.502000e+00,9.162750e-26,5.252219e+08
1.503000e+00,7.091851e-26,5.122541e+08
1.504000e+00,5.486806e-26,4.994067e+08
1.505000e+00,4.243322e-26,4.866868e+08
1.506000e+00,3.280338e-26,4.741012e+08
1.507000e+00,2.534880e-26,4.616564e+08
1.508000e+00,1.958045e-26,4.493584e+08
1.509000e+00,1.511869e-26,4.372131e+08
1.510000e+00,1.166895e-26,4.252260e+08
1.511000e+00,9.002762e-27,4.134021e+08
1.512000e+00,6.942982e-27,4.017463e+08
1.513000e+00,5.352327e-27,3.902630e+08
1.514000e+00,4.124445e-27,3.789563e+08
1.515000e+00,3.176981e-27,3.678300e+08
1.516000e+00,2.446189e-27,3.568876e+08
1.517000e+00,1.882746e-27,3.461322e+08
1.518000e+00,1.448504e-27,3.355667e+08
1.519000e+00,1.113971e-27,3.251936e+08
1.520000e+00,8.563565e-28,3.150152e+08
1.521000e+00,6.580538e-28,3.050333e+08
1.522000e+00,5.054690e-28,2.952495e+08
1.523000e+00,3.881092e-28,2.856653e+08
1.524000e+00,2.978788e-28,2.762816e+08
1.525000e+00,2.285344e-28,2.670994e+08
1.526000e+00,1.752628e-28,2.581190e+08
1.527000e+00,1.343552e-28,2.493408e+08
1.528000e+00,1.029545e-28,2.407649e+08
1.529000e+00,7.886099e-29,2.323909e+08
1.530000e+00,6.038174e-29,2.242184e+08
1.531000e+00,4.621418e-29,2.162469e+08
1.532000e+00,3.535666e-29,2.084753e+08
1.533000e+00,2.703917e-29,2.009027e+08
1.534000e+00,2.067007e-29,1.935277e+08
1.535000e+00,1.579489e-29,1.863489e+08
1.536000e+00,1.206473e-29,1.793646e+08
1.537000e+00,9.211813e-30,1.725731e+08
1.538000e+00,7.030703e-30,1.659723e+08
1.539000e+00,5.363875e-30,1.595601e+08
1.540000e+00,4.090580e-30,1.533343e+08
1.541000e+00,3.118296e-30,1.472926e+08
1.542000e+00,2.376162e-30,1.414322e+08
1.543000e+00,1.809927e-30,1.357508e+08
1.544000e+00,1.378074e-30,1.302455e+08
1.545000e+00,1.048842e-30,1.249134e+08
1.546000e+00,7.979469e-31,1.197517e+08
1.547000e+00,6.068259e-31,1.147575e+08
1.548000e+00,4.612970e-31,1.099275e+08
1.549000e+00,3.505285e-31,1.052587e+08
1.550000e+00,2.662517e-31,1.007478e+08
1.551000e+00,2.021565e-31,9.639177e+07
1.552000e+00,1.534296e-31,9.218715e+07
1.553000e+00,1.164011e-31,8.813069e+07
1.554000e+00,8.827368e-32,8.421902e+07
1.555000e+00,6.691626e-32,8.044879e+07
1.556000e+00,5.070589e-32,7.681660e+07
1.557000e+00,3.840709e-32,7.331907e+07
1.558000e+00,2.907975e-32,6.995280e+07
1.559000e+00,2.200879e-32,6.671440e+07
1.560000e+00,1.665053e-32,6.360047e+07
1.561000e+00,1.259175e-32,6.060763e+07
1.562000e+00,9.518545e-33,5.773253e+07
1.563000e+00,7.192523e-33,5.497183e+07
1.564000e+00,5.432731e-33,5.232220e+07
1.565000e+00,4.101866e-33,4.978037e+07
1.566000e+00,3.095787e-33,4.734309e+07
1.567000e+00,2.335537e-33,4.500712e+07
1.568000e+00,1.761282e-33,4.276931e+07
1.569000e+00,1.327692e-33,4.062651e+07
1.570000e+00,1.000442e-33,3.857563e+07
1.571000e+00,7.535514e-34,3.661364e+07
1.572000e+00,5.673618e-34,3.473753e+07
1.573000e+00,4.270057e-34,3.294438e+07
1.574000e+00,3.212428e-34,3.123130e+07
1.575000e+00,2.415792e-34,2.959545e+07
1.576000e+00,1.815983e-34,2.803408e+07
1.577000e+00,1.364553e-34,2.654445e+07
1.578000e+00,1.024933e-34,2.512393e+07
1.579000e+00,7.695319e-35,2.376992e+07
1.580000e+00,5.775427e-35,2.247988e+07
1.581000e+00,4.332792e-35,2.125136e+07
1.582000e+00,3.249211e-35,2.008194e+07
1.583000e+00,2.435646e-35,1.896928e+07
1.584000e+00,1.825059e-35,1.791110e+07
1.585000e+00,1.366991e-35,1.690519e+07
1.586000e+00,1.023484e-35,1.594939e+07
1.587000e+00,7.659887e-36,1.504162e+07
1.588000e+00,5.730468e-36,1.417983e+07
1.589000e+00,4.285329e-36,1.336208e+07
1.590000e+00,3.203350e-36,1.258645e+07
1.591000e+00,2.393597e-36,1.185110e+07
1.592000e+00,1.787820e-36,1.115425e+07
1.593000e+00,1.334821e-36,1.049418e+07
1.594000e+00,9.962045e-37,9.869220e+06
1.595000e+00,7.431906e-37,9.277766e+06
1.596000e+00,5.542149e-37,8.718270e+06
1.597000e+00,4.131260e-37,8.189238e+06
1.598000e+00,3.078315e-37,7.689231e+06
1.599000e+00,2.292820e-37,7.216866e+06
1.600000e+00,1.707077e-37,6.770810e+06
1.601000e+00,1.270464e-37,6.349784e+06
1.602000e+00,9.451443e-38,5.952557e+06
1.603000e+00,7.028459e-38,5.577947e+06
1.604000e+00,5.224544e-38,5.224822e+06
1.605000e+00,3.882066e-38,4.892096e+06
1.606000e+00,2.883392e-38,4.578726e+06
1.607000e+00,2.140774e-38,4.283716e+06
1.608000e+00,1.588782e-38,4.006110e+06
1.609000e+00,1.178647e-38,3.744997e+06
1.610000e+00,8.740370e-39,3.499502e+06
1.611000e+00,6.478912e-39,3.268793e+06
1.612000e+00,4.800656e-39,3.052072e+06
1.613000e+00,3.555702e-39,2.848580e+06
1.614000e+00,2.632549e-39,2.657593e+06
1.615000e+00,1.948291e-39,2.478419e+06
1.616000e+00,1.441310e-39,2.310400e+06
1.617000e+00,1.065829e-39,2.152911e+06
1.618000e+00,7.878501e-40,2.005354e+06
1.619000e+00,5.821382e-40,1.867164e+06
1.620000e+00,4.299667e-40,1.737801e+06
1.621000e+00,3.174460e-40,1.616755e+06
1.622000e+00,2.342779e-40,1.503538e+06
1.623000e+00,1.728299e-40,1.397690e+06
1.624000e+00,1.274479e-40,1.298774e+06
1.625000e+00,9.394484e-41,1.206376e+06
1.626000e+00,6.922125e-41,1.120103e+06
1.627000e+00,5.098379e-41,1.039584e+06
1.628000e+00,3.753628e-41,9.644674e+05
1.629000e+00,2.762463e-41,8.944205e+05
1.630000e+00,2.032208e-41,8.291293e+05
1.631000e+00,1.494397e-41,7.682968e+05
1.632000e+00,1.098475e-41,7.116428e+05
1.633000e+00,8.071246e-42,6.589028e+05
1.634000e+00,5.928124e-42,6.098275e+05
1.635000e+00,4.352315e-42,5.641815e+05
1.636000e+00,3.194108e-42,5.217435e+05
1.637000e+00,2.343177e-42,4.823047e+05
1.638000e+00,1.718253e-42,4.456688e+05
1.639000e+00,1.259491e-42,4.116511e+05
1.640000e+00,9.228467e-43,3.800778e+05
1.641000e+00,6.759121e-43,3.507859e+05
1.642000e+00,4.948542e-43,3.236220e+05
1.643000e+00,3.621517e-43,2.984421e+05
1.644000e+00,2.649293e-43,2.751114e+05
1.645000e+00,1.937295e-43,2.535031e+05
1.646000e+00,1.416081e-43,2.334986e+05
1.647000e+00,1.034681e-43,2.149867e+05
1.648000e+00,7.557028e-44,1.978632e+05
1.649000e+00,5.517242e-44,1.820308e+05
1.650000e+00,4.026422e-44,1.673983e+05
1.651000e+00,2.937262e-44,1.538805e+05
1.652000e+00,2.141867e-44,1.413976e+05
1.653000e+00,1.561236e-44,1.298755e+05
1.654000e+00,1.137551e-44,1.192445e+05
1.655000e+00,8.285136e-45,1.094400e+05
1.656000e+00,6.031906e-45,1.004014e+05
1.657000e+00,4.389710e-45,9.207248e+04
1.658000e+00,3.193326e-45,8.440073e+04
1.659000e+00,2.322079e-45,7.733728e+04
1.660000e+00,1.687863e-45,7.083662e+04
1.661000e+00,1.226376e-45,6.485643e+04
1.662000e+00,8.907095e-46,5.935736e+04
1.663000e+00,6.466585e-46,5.430282e+04
1.664000e+00,4.692888e-46,4.965882e+04
1.665000e+00,3.404330e-46,4.539382e+04
1.666000e+00,2.468593e-46,4.147854e+04
1.667000e+00,1.789342e-46,3.788579e+04
1.668000e+00,1.296474e-46,3.459040e+04
1.669000e+00,9.389887e-47,3.156901e+04
1.670000e+00,6.798033e-47,2.880002e+04
1.671000e+00,4.919630e-47,2.626339e+04
1.672000e+00,3.558835e-47,2.394061e+04
1.673000e+00,2.573414e-47,2.181453e+04
1.674000e+00,1.860106e-47,1.986930e+04
1.675000e+00,1.343977e-47,1.809030e+04
1.676000e+00,9.706720e-48,1.646400e+04
1.677000e+00,7.007762e-48,1.497790e+04
1.678000e+00,5.057227e-48,1.362050e+04
1.679000e+00,3.648143e-48,1.238116e+04
1.680000e+00,2.630617e-48,1.125009e+04
1.681000e+00,1.896136e-48,1.021826e+04
1.682000e+00,1.366180e-48,9.277351e+03
1.683000e+00,9.839486e-49,8.419716e+03
1.684000e+00,7.083750e-49,7.638308e+03
1.685000e+00,5.097771e-49,6.926649e+03
1.686000e+00,3.667109e-49,6.278782e+03
1.687000e+00,2.636899e-49,5.689237e+03
1.688000e+00,1.895350e-49,5.152985e+03
1.689000e+00,1.361795e-49,4.665412e+03
1.690000e+00,9.780480e-50,4.222283e+03
1.691000e+00,7.021582e-50,3.819716e+03
1.692000e+00,5.038904e-50,3.454149e+03
1.693000e+00,3.614627e-50,3.122319e+03
1.694000e+00,2.591893e-50,2.821239e+03
1.695000e+00,1.857792e-50,2.548172e+03
1.696000e+00,1.331077e-50,2.300614e+03
1.697000e+00,9.533135e-51,2.076276e+03
1.698000e+00,6.824873e-51,1.873065e+03
1.699000e+00,4.884045e-51,1.689067e+03
1.700000e+00,3.493743e-51,1.522534e+03
1.701000e+00,2.498208e-51,1.371872e+03
1.702000e+00,1.785634e-51,1.235624e+03
1.703000e+00,1.275800e-51,1.112463e+03
1.704000e+00,9.111695e-52,1.001177e+03
1.705000e+00,6.504920e-52,9.006632e+02
1.706000e+00,4.642062e-52,8.099167e+02
1.707000e+00,3.311359e-52,7.280221e+02
1.708000e+00,2.361174e-52,6.541465e+02
1.709000e+00,1.682968e-52,5.875324e+02
1.710000e+00,1.199085e-52,5.274908e+02
1.711000e+00,8.539854e-53,4.733956e+02
1.712000e+00,6.079630e-53,4.246781e+02
1.713000e+00,4.326435e-53,3.808217e+02
1.714000e+00,3.077581e-53,3.413579e+02
1.715000e+00,2.188341e-53,3.058612e+02
1.716000e+00,1.555417e-53,2.739461e+02
1.717000e+00,1.105109e-53,2.452631e+02
1.718000e+00,7.848551e-54,2.194954e+02
1.719000e+00,5.571860e-54,1.963564e+02
1.720000e+00,3.954005e-54,1.755864e+02
1.721000e+00,2.804791e-54,1.569506e+02
1.722000e+00,1.988795e-54,1.402367e+02
1.723000e+00,1.409632e-54,1.252525e+02
1.724000e+00,9.987298e-55,1.118246e+02
1.725000e+00,7.073207e-55,9.979632e+01
1.726000e+00,5.007386e-55,8.902626e+01
1.727000e+00,3.543497e-55,7.938674e+01
1.728000e+00,2.506567e-55,7.076265e+01
1.729000e+00,1.772364e-55,6.305021e+01
1.730000e+00,1.252716e-55,5.615588e+01
1.731000e+00,8.850723e-56,4.999542e+01
1.732000e+00,6.250735e-56,4.449298e+01
1.733000e+00,4.412755e-56,3.958029e+01
1.734000e+00,3.113972e-56,3.519596e+01
1.735000e+00,2.196575e-56,3.128477e+01
1.736000e+00,1.548829e-56,2.779709e+01
1.737000e+00,1.091660e-56,2.468835e+01
1.738000e+00,7.691257e-57,2.191851e+01
1.739000e+00,5.416686e-57,1.945164e+01
1.740000e+00,3.813259e-57,1.725551e+01
1.741000e+00,2.683399e-57,1.530120e+01
1.742000e+00,1.887559e-57,1.356281e+01
1.743000e+00,1.327217e-57,1.201711e+01
1.744000e+00,9.328454e-58,1.064331e+01
1.745000e+00,6.553959e-58,9.422791e+00
1.746000e+00,4.602821e-58,8.338900e+00
1.747000e+00,3.231251e-58,7.376737e+00
1.748000e+00,2.267481e-58,6.522980e+00
1.749000e+00,1.590533e-58,5.765728e+00
1.750000e+00,1.115240e-58,5.094346e+00
1.751000e+00,7.816637e-59,4.499343e+00
1.752000e+00,5.476435e-59,3.972245e+00
1.753000e+00,3.835326e-59,3.505494e+00
1.754000e+00,2.684929e-59,3.092350e+00
1.755000e+00,1.878840e-59,2.726807e+00
1.756000e+00,1.314235e-59,2.403513e+00
1.757000e+00,9.189298e-60,2.117702e+00
1.758000e+00,6.422706e-60,1.865131e+00
1.759000e+00,4.487248e-60,1.642027e+00
1.760000e+00,3.133779e-60,1.445032e+00
1.761000e+00,2.187675e-60,1.271162e+00
1.762000e+00,1.526595e-60,1.117765e+00
1.763000e+00,1.064856e-60,9.824865e-01
1.764000e+00,7.424791e-61,8.632347e-01
1.765000e+00,5.174924e-61,7.581541e-01
1.766000e+00,3.605371e-61,6.655985e-01
1.767000e+00,2.510858e-61,5.841084e-01
1.768000e+00,1.747917e-61,5.123903e-01
1.769000e+00,1.216314e-61,4.492981e-01
1.770000e+00,8.460512e-62,3.938171e-01
1.771000e+00,5.882664e-62,3.450491e-01
1.772000e+00,4.088629e-62,3.021993e-01
1.773000e+00,2.840584e-62,2.645649e-01
1.774000e+00,1.972713e-62,2.315247e-01
1.775000e+00,1.369451e-62,2.025297e-01
1.776000e+00,9.502879e-63,1.770951e-01
1.777000e+00,6.591591e-63,1.547927e-01
1.778000e+00,4.570373e-63,1.352448e-01
1.779000e+00,3.167665e-63,1.181183e-01
1.780000e+00,2.194589e-63,1.031193e-01
1.781000e+00,1.519824e-63,8.998893e-02
1.782000e+00,1.052107e-63,7.849906e-02
1.783000e+00,7.280357e-64,6.844884e-02
1.784000e+00,5.035838e-64,5.966148e-02
1.785000e+00,3.481906e-64,5.198143e-02
1.786000e+00,2.406516e-64,4.527190e-02
1.787000e+00,1.662595e-64,3.941264e-02
1.788000e+00,1.148182e-64,3.429799e-02
1.789000e+00,7.926131e-65,2.983513e-02
1.790000e+00,5.469378e-65,2.594261e-02
1.791000e+00,3.772602e-65,2.254891e-02
1.792000e+00,2.601179e-65,1.959132e-02
1.793000e+00,1.792775e-65,1.701485e-02
1.794000e+00,1.235116e-65,1.477131e-02
1.795000e+00,8.505815e-66,1.281846e-02
1.796000e+00,5.855317e-66,1.111935e-02
1.797000e+00,4.029128e-66,9.641596e-03
1.798000e+00,2.771393e-66,8.356892e-03
1.799000e+00,1.905511e-66,7.240474e-03
1.800000e+00,1.309637e-66,6.270691e-03
1.801000e+00,8.997396e-67,5.428629e-03
1.802000e+00,6.178868e-67,4.697764e-03
1.803000e+00,4.241577e-67,4.063671e-03
1.804000e+00,2.910530e-67,3.513760e-03
1.805000e+00,1.996379e-67,3.037050e-03
1.806000e+00,1.368801e-67,2.623965e-03
1.807000e+00,9.381318e-68,2.266160e-03
1.808000e+00,6.427080e-68,1.956362e-03
1.809000e+00,4.401389e-68,1.688240e-03
1.810000e+00,3.012952e-68,1.456282e-03
1.811000e+00,2.061678e-68,1.255692e-03
1.812000e+00,1.410184e-68,1.082298e-03
1.813000e+00,9.641776e-69,9.324746e-04
1.814000e+00,6.589684e-69,8.030700e-04
1.815000e+00,4.501926e-69,6.913470e-04
1.816000e+00,3.074386e-69,5.949289e-04
1.817000e+00,2.098673e-69,5.117529e-04
1.818000e+00,1.432048e-69,4.400296e-04
1.819000e+00,9.767792e-70,3.782071e-04
1.820000e+00,6.659807e-70,3.249404e-04
1.821000e+00,4.538926e-70,2.790642e-04
1.822000e+00,3.092224e-70,2.395691e-04
1.823000e+00,2.105789e-70,2.055814e-04
1.824000e+00,1.433459e-70,1.763449e-04
1.825000e+00,9.753981e-71,1.512058e-04
1.826000e+00,6.634448e-71,1.295986e-04
1.827000e+00,4.510805e-71,1.110346e-04
1.828000e+00,3.065699e-71,9.509172e-05
1.829000e+00,2.082722e-71,8.140542e-05
1.830000e+00,1.414358e-71,6.966109e-05
1.831000e+00,9.600936e-72,5.958727e-05
1.832000e+00,6.514696e-72,5.094986e-05
1.833000e+00,4.418767e-72,4.354705e-05
1.834000e+00,2.995948e-72,3.720495e-05
1.835000e+00,2.030456e-72,3.177380e-05
1.836000e+00,1.375560e-72,2.712462e-05
1.837000e+00,9.315184e-73,2.314646e-05
1.838000e+00,6.305648e-73,1.974385e-05
1.839000e+00,4.266721e-73,1.683469e-05
1.840000e+00,2.885926e-73,1.434845e-05
1.841000e+00,1.951202e-73,1.222450e-05
1.842000e+00,1.318699e-73,1.041078e-05
1.843000e+00,8.908722e-74,8.862615e-06
1.844000e+00,6.016049e-74,7.541657e-06
1.845000e+00,4.061006e-74,6.415019e-06
1.846000e+00,2.740200e-74,5.454505e-06
1.847000e+00,1.848234e-74,4.635954e-06
1.848000e+00,1.246115e-74,3.938665e-06
1.849000e+00,8.398187e-75,3.344917e-06
1.850000e+00,5.657691e-75,2.839540e-06
1.851000e+00,3.809949e-75,2.409555e-06
1.852000e+00,2.564634e-75,2.043864e-06
1.853000e+00,1.725671e-75,1.732979e-06
1.854000e+00,1.160691e-75,1.468794e-06
1.855000e+00,7.803724e-76,1.244386e-06
1.856000e+00,5.244611e-76,1.053841e-06
1.857000e+00,3.523310e-76,8.921169e-07
1.858000e+00,2.366001e-76,7.549090e-07
1.859000e+00,1.588200e-76,6.385482e-07
1.860000e+00,1.065667e-76,5.399072e-07
1.861000e+00,7.147668e-77,4.563213e-07
1.862000e+00,4.792183e-77,3.855216e-07
1.863000e+00,3.211654e-77,3.255764e-07
1.864000e+00,2.151545e-77,2.748422e-07
1.865000e+00,1.440782e-77,2.319211e-07
1.866000e+00,9.644340e-78,1.956245e-07
1.867000e+00,6.453168e-78,1.649425e-07
1.868000e+00,4.316182e-78,1.390171e-07
1.869000e+00,2.885711e-78,1.171198e-07
1.870000e+00,1.928555e-78,9.863214e-08
1.871000e+00,1.288361e-78,8.302960e-08
1.872000e+00,8.603390e-79,6.986726e-08
1.873000e+00,5.742854e-79,5.876798e-08
1.874000e+00,3.831883e-79,4.941219e-08
1.875000e+00,2.555777e-79,4.152922e-08
1.876000e+00,1.703962e-79,3.488989e-08
1.877000e+00,1.135594e-79,2.930028e-08
1.878000e+00,7.565068e-80,2.459633e-08
1.879000e+00,5.037658e-80,2.063930e-08
1.880000e+00,3.353288e-80,1.731195e-08
1.881000e+00,2.231204e-80,1.451521e-08
1.882000e+00,1.484000e-80,1.216542e-08
1.883000e+00,9.866315e-81,1.019194e-08
1.884000e+00,6.556956e-81,8.535186e-09
1.885000e+00,4.355879e-81,7.144888e-09
1.886000e+00,2.892515e-81,5.978664e-09
1.887000e+00,1.920002e-81,5.000796e-09
1.888000e+00,1.273955e-81,4.181195e-09
1.889000e+00,8.449536e-82,3.494524e-09
1.890000e+00,5.601932e-82,2.919456e-09
1.891000e+00,3.712522e-82,2.438047e-09
1.892000e+00,2.459386e-82,2.035206e-09
1.893000e+00,1.628585e-82,1.698248e-09
1.894000e+00,1.078004e-82,1.416512e-09
1.895000e+00,7.132748e-83,1.181042e-09
1.896000e+00,4.717583e-83,9.843214e-10
1.897000e+00,3.118951e-83,8.200395e-10
1.898000e+00,2.061217e-83,6.829028e-10
1.899000e+00,1.361649e-83,5.684722e-10
1.900000e+00,8.991518e-84,4.730270e-10
1.901000e+00,5.935087e-84,3.934494e-10
1.902000e+00,3.916043e-84,3.271283e-10
1.903000e+00,2.582820e-84,2.718777e-10
1.904000e+00,1.702813e-84,2.258684e-10
1.905000e+00,1.122190e-84,1.875701e-10
1.906000e+00,7.392506e-85,1.557033e-10
1.907000e+00,4.867920e-85,1.291988e-10
1.908000e+00,3.204214e-85,1.071632e-10
1.909000e+00,2.108268e-85,8.885026e-11
1.910000e+00,1.386617e-85,7.363736e-11
1.911000e+00,9.116190e-86,6.100480e-11
1.912000e+00,5.990962e-86,5.051915e-11
1.913000e+00,3.935555e-86,4.181907e-11
1.914000e+00,2.584293e-86,3.460342e-11
1.915000e+00,1.696304e-86,2.862134e-11
1.916000e+00,1.112992e-86,2.366394e-11
1.917000e+00,7.299727e-87,1.955738e-11
1.918000e+00,4.785723e-87,1.615699e-11
1.919000e+00,3.136279e-87,1.334247e-11
1.920000e+00,2.054509e-87,1.101384e-11
1.921000e+00,1.345327e-87,9.087978e-12
1.922000e+00,8.805901e-88,7.495872e-12
1.923000e+00,5.761640e-88,6.180211e-12
1.924000e+00,3.768293e-88,5.093435e-12
1.925000e+00,2.463596e-88,4.196087e-12
1.926000e+00,1.609981e-88,3.455449e-12
1.927000e+00,1.051715e-88,2.844401e-12
1.928000e+00,6.867549e-89,2.340472e-12
1.929000e+00,4.482618e-89,1.925051e-12
1.930000e+00,2.924745e-89,1.582732e-12
1.931000e+00,1.907526e-89,1.300765e-12
1.932000e+00,1.243596e-89,1.068603e-12
1.933000e+00,8.104280e-90,8.775270e-13
1.934000e+00,5.279294e-90,7.203288e-13
1.935000e+00,3.437664e-90,5.910542e-13
1.936000e+00,2.237574e-90,4.847861e-13
1.937000e+00,1.455853e-90,3.974653e-13
1.938000e+00,9.468565e-91,3.257427e-13
1.939000e+00,6.155693e-91,2.668556e-13
1.940000e+00,4.000332e-91,2.185266e-13
1.941000e+00,2.598612e-91,1.788787e-13
1.942000e+00,1.687381e-91,1.463656e-13
1.943000e+00,1.095244e-91,1.197143e-13
1.944000e+00,7.106163e-92,9.787662e-14
1.945000e+00,4.608777e-92,7.999049e-14
1.946000e+00,2.987875e-92,6.534675e-14
1.947000e+00,1.936268e-92,5.336247e-14
1.948000e+00,1.254281e-92,4.355863e-14
1.949000e+00,8.121766e-93,3.554174e-14
1.950000e+00,5.256932e-93,2.898875e-14
1.951000e+00,3.401266e-93,2.363451e-14
1.952000e+00,2.199758e-93,1.926149e-14
1.953000e+00,1.422118e-93,1.569132e-14
1.954000e+00,9.190154e-94,1.277778e-14
1.955000e+00,5.936577e-94,1.040106e-14
1.956000e+00,3.833325e-94,8.463034e-15
1.957000e+00,2.474238e-94,6.883366e-15
1.958000e+00,1.596371e-94,5.596312e-15
1.959000e+00,1.029561e-94,4.548092e-15
1.960000e+00,6.637383e-95,3.694731e-15
1.961000e+00,4.277282e-95,3.000286e-15
1.962000e+00,2.755276e-95,2.435392e-15
1.963000e+00,1.774143e-95,1.976066e-15
1.964000e+00,1.141928e-95,1.602729e-15
1.965000e+00,7.347079e-96,1.299407e-15
1.966000e+00,4.725167e-96,1.053068e-15
1.967000e+00,3.037707e-96,8.530883e-16
1.968000e+00,1.952094e-96,6.908088e-16
1.969000e+00,1.253955e-96,5.591753e-16
1.970000e+00,8.051738e-97,4.524436e-16
1.971000e+00,5.168011e-97,3.659377e-16
1.972000e+00,3.315764e-97,2.958531e-16
1.973000e+00,2.126522e-97,2.390955e-16
1.974000e+00,1.363272e-97,1.931492e-16
1.975000e+00,8.736180e-98,1.559699e-16
1.976000e+00,5.596117e-98,1.258969e-16
1.977000e+00,3.583260e-98,1.015817e-16
1.978000e+00,2.293486e-98,8.192982e-17
1.979000e+00,1.467372e-98,6.605337e-17
1.980000e+00,9.384488e-99,5.323218e-17
1.981000e+00,5.999392e-99,4.288247e-17
1.982000e+00,3.833806e-99,3.453119e-17
1.983000e+00,2.448947e-99,2.779519e-17
1.984000e+00,1.563705e-99,2.236423e-17
1.985000e+00,9.980600e-100,1.798725e-17
1.986000e+00,6.367731e-100,1.446111e-17
1.987000e+00,4.061057e-100,1.162157e-17
1.988000e+00,2.588926e-100,9.335861e-18
1.989000e+00,1.649782e-100,7.496701e-18
1.990000e+00,1.050896e-100,6.017447e-18
1.991000e+00,6.691435e-101,4.828148e-18
1.992000e+00,4.258974e-101,3.872356e-18
1.993000e+00,2.709674e-101,3.104532e-18
1.994000e+00,1.723278e-101,2.487960e-18
1.995000e+00,1.095519e-101,1.993044e-18
1.996000e+00,6.961628e-102,1.595940e-18
1.997000e+00,4.422094e-102,1.277446e-18
1.998000e+00,2.807834e-102,1.022104e-18
1.999000e+00,1.782137e-102,8.174734e-19
