Energy_MeV,Flux
0.000000e+00,3.329099e-55
8.078249e-03,5.324157e-54
1.615650e-02,8.296431e-53
2.423475e-02,1.259599e-51
3.231299e-02,1.863207e-50
4.039124e-02,2.685138e-49
4.846949e-02,3.769985e-48
5.654774e-02,5.156708e-47
6.462599e-02,6.871619e-46
7.270424e-02,8.920599e-45
8.078249e-02,1.128168e-43
8.886073e-02,1.389936e-42
9.693898e-02,1.668226e-41
1.050172e-01,1.950540e-40
1.130955e-01,2.221977e-39
1.211737e-01,2.466158e-38
1.292520e-01,2.666791e-37
1.373302e-01,2.809541e-36
1.454085e-01,2.883717e-35
1.534867e-01,2.883599e-34
1.615650e-01,2.809166e-33
1.696432e-01,2.666097e-32
1.777215e-01,2.465060e-31
1.857997e-01,2.220392e-30
1.938780e-01,1.948411e-29
2.019562e-01,1.665631e-28
2.100345e-01,1.387165e-27
2.181127e-01,1.125540e-26
2.261910e-01,8.897676e-26
2.342692e-01,6.852822e-25
2.423475e-01,5.142022e-24
2.504257e-01,3.758944e-23
2.585040e-01,2.677081e-22
2.665822e-01,1.857453e-21
2.746605e-01,1.255546e-20
2.827387e-01,8.268069e-20
2.908170e-01,5.304334e-19
2.988952e-01,3.315217e-18
3.069734e-01,7.309798e+07
3.150517e-01,7.642864e+07
3.231299e-01,7.952515e+07
3.312082e-01,8.281089e+07
3.392864e-01,8.613093e+07
3.473647e-01,8.884974e+07
3.554429e-01,9.140024e+07
3.635212e-01,9.389508e+07
3.715994e-01,9.642146e+07
3.796777e-01,9.935216e+07
3.877559e-01,1.025249e+08
3.958342e-01,1.059328e+08
4.039124e-01,1.095674e+08
4.119907e-01,1.127514e+08
4.200689e-01,1.156868e+08
4.281472e-01,1.186814e+08
4.362254e-01,1.216184e+08
4.443037e-01,1.246894e+08
4.523819e-01,1.282715e+08
4.604602e-01,1.315731e+08
4.685384e-01,1.337791e+08
4.766167e-01,1.355179e+08
4.846949e-01,1.376219e+08
4.927732e-01,1.424879e+08
5.008514e-01,1.492521e+08
5.089297e-01,1.534630e+08
5.170079e-01,1.551452e+08
5.250862e-01,1.565494e+08
5.331644e-01,1.580816e+08
5.412427e-01,1.602357e+08
5.493209e-01,1.629840e+08
5.573992e-01,1.657984e+08
5.654774e-01,1.681481e+08
5.735557e-01,1.699269e+08
5.816339e-01,1.715019e+08
5.897121e-01,1.730264e+08
5.977904e-01,1.745837e+08
6.058686e-01,1.761216e+08
6.139469e-01,1.777571e+08
6.220251e-01,1.796039e+08
6.301034e-01,1.819033e+08
6.381816e-01,1.845782e+08
6.462599e-01,1.874990e+08
6.543381e-01,1.906397e+08
6.624164e-01,1.946276e+08
6.704946e-01,2.001716e+08
6.785729e-01,2.080708e+08
6.866511e-01,2.198425e+08
6.947294e-01,2.383993e+08
7.028076e-01,2.682169e+08
7.108859e-01,3.155794e+08
7.189641e-01,3.890276e+08
7.270424e-01,4.993656e+08
7.351206e-01,6.597920e+08
7.431989e-01,8.859552e+08
7.512771e-01,1.195236e+09
7.593554e-01,1.605754e+09
7.674336e-01,2.133682e+09
7.755119e-01,2.790599e+09
7.835901e-01,3.580622e+09
7.916684e-01,4.497167e+09
7.997466e-01,5.521448e+09
8.078249e-01,6.620801e+09
8.159031e-01,7.748798e+09
8.239814e-01,8.847586e+09
8.320596e-01,9.851396e+09
8.401379e-01,1.069418e+10
8.482161e-01,1.131657e+10
8.562944e-01,1.167248e+10
8.643726e-01,1.173473e+10
8.724509e-01,1.149800e+10
8.805291e-01,1.098072e+10
8.886073e-01,1.022183e+10
8.966856e-01,9.276108e+09
9.047638e-01,8.207663e+09
9.128421e-01,7.082322e+09
9.209203e-01,5.961845e+09
9.289986e-01,4.898629e+09
9.370768e-01,3.932065e+09
9.451551e-01,3.087285e+09
9.532333e-01,2.375487e+09
9.613116e-01,1.796019e+09
9.693898e-01,1.339555e+09
9.774681e-01,9.911402e+08
9.855463e-01,7.331851e+08
9.936246e-01,5.478269e+08
1.001703e+00,4.182991e+08
1.009781e+00,3.300590e+08
1.017859e+00,2.712066e+08
1.025938e+00,2.319480e+08
1.034016e+00,2.054797e+08
1.042094e+00,1.877251e+08
1.050172e+00,1.760848e+08
1.058251e+00,1.685158e+08
1.066329e+00,1.632276e+08
1.074407e+00,1.591932e+08
1.082485e+00,1.557330e+08
1.090564e+00,1.523837e+08
1.098642e+00,1.489324e+08
1.106720e+00,1.453979e+08
1.114798e+00,1.416831e+08
1.122877e+00,1.377103e+08
1.130955e+00,1.334167e+08
1.139033e+00,1.287064e+08
1.147111e+00,1.234527e+08
1.155190e+00,1.170886e+08
1.163268e+00,1.103247e+08
1.171346e+00,1.041989e+08
1.179424e+00,9.776938e+07
1.187503e+00,9.047978e+07
1.195581e+00,7.779418e+07
1.203659e+00,7.157623e+07
1.211737e+00,7.096246e+07
1.219816e+00,7.036214e+07
1.227894e+00,6.979342e+07
1.235972e+00,6.927447e+07
1.244050e+00,6.880926e+07
1.252129e+00,6.837335e+07
1.260207e+00,6.795659e+07
1.268285e+00,6.754808e+07
1.276363e+00,6.713640e+07
1.284442e+00,6.671150e+07
1.292520e+00,6.626330e+07
1.300598e+00,6.578171e+07
1.308676e+00,6.525666e+07
1.316755e+00,6.465719e+07
1.324833e+00,6.396973e+07
1.332911e+00,6.321997e+07
1.340989e+00,6.243350e+07
1.349068e+00,6.163592e+07
1.357146e+00,6.085286e+07
1.365224e+00,6.010991e+07
1.373302e+00,5.943270e+07
1.381381e+00,5.884404e+07
1.389459e+00,5.833265e+07
1.397537e+00,5.786487e+07
1.405615e+00,5.740667e+07
1.413694e+00,5.692394e+07
1.421772e+00,5.638259e+07
1.429850e+00,5.574829e+07
1.437928e+00,5.497222e+07
1.446007e+00,5.406103e+07
1.454085e+00,5.305023e+07
1.462163e+00,5.197474e+07
1.470241e+00,5.086951e+07
1.478319e+00,4.976945e+07
1.486398e+00,4.870948e+07
1.494476e+00,4.769222e+07
1.502554e+00,4.668847e+07
1.510632e+00,4.567825e+07
1.518711e+00,4.464577e+07
1.526789e+00,4.357648e+07
1.534867e+00,4.245581e+07
1.542945e+00,4.126917e+07
1.551024e+00,3.998046e+07
1.559102e+00,3.854756e+07
1.567180e+00,3.701755e+07
1.575258e+00,3.544209e+07
1.583337e+00,3.387267e+07
1.591415e+00,3.236210e+07
1.599493e+00,3.095104e+07
1.607571e+00,2.960113e+07
1.615650e+00,2.828743e+07
1.623728e+00,2.698611e+07
1.631806e+00,2.566777e+07
1.639884e+00,2.431001e+07
1.647963e+00,2.297445e+07
1.656041e+00,2.161896e+07
1.664119e+00,2.016697e+07
1.672197e+00,1.852456e+07
1.680276e+00,1.649144e+07
1.688354e+00,1.423561e+07
1.696432e+00,1.210108e+07
1.704510e+00,1.031748e+07
1.712589e+00,8.150572e+06
1.720667e+00,4.198133e+06
1.728745e+00,3.597050e+05
1.736823e+00,1.328479e+05
1.744902e+00,6.243633e+04
1.752980e+00,6.221985e+04
1.761058e+00,6.264804e+04
1.769136e+00,6.307135e+04
1.777215e+00,6.348980e+04
1.785293e+00,6.390343e+04
1.793371e+00,6.431225e+04
1.801449e+00,6.471631e+04
1.809528e+00,6.511562e+04
1.817606e+00,6.551021e+04
1.825684e+00,6.589843e+04
1.833762e+00,6.627462e+04
1.841841e+00,6.663975e+04
1.849919e+00,6.699548e+04
1.857997e+00,6.734347e+04
1.866075e+00,6.768537e+04
1.874154e+00,6.802284e+04
1.882232e+00,6.835754e+04
1.890310e+00,6.869113e+04
1.898388e+00,6.902526e+04
1.906467e+00,6.936158e+04
1.914545e+00,6.970176e+04
1.922623e+00,7.004744e+04
1.930701e+00,7.040030e+04
1.938780e+00,7.076198e+04
1.946858e+00,7.113413e+04
1.954936e+00,7.151843e+04
1.963014e+00,7.191652e+04
1.971093e+00,7.233005e+04
1.979171e+00,7.276228e+04
1.987249e+00,7.321520e+04
1.995327e+00,7.368712e+04
2.003406e+00,7.417628e+04
2.011484e+00,7.468096e+04
2.019562e+00,7.519942e+04
2.027640e+00,7.572991e+04
2.035719e+00,7.627069e+04
2.043797e+00,7.682003e+04
2.051875e+00,7.737620e+04
2.059953e+00,7.793744e+04
2.068032e+00,7.850202e+04
2.076110e+00,7.906821e+04
2.084188e+00,7.963426e+04
2.092266e+00,8.019843e+04
2.100345e+00,8.075899e+04
2.108423e+00,8.131419e+04
2.116501e+00,8.186231e+04
2.124579e+00,8.240159e+04
2.132658e+00,8.293030e+04
2.140736e+00,8.344670e+04
2.148814e+00,8.394906e+04
2.156892e+00,8.443563e+04
2.164971e+00,8.490613e+04
2.173049e+00,8.536449e+04
2.181127e+00,8.581207e+04
2.189205e+00,8.624998e+04
2.197284e+00,8.667932e+04
2.205362e+00,8.710120e+04
2.213440e+00,8.751672e+04
2.221518e+00,8.792699e+04
2.229597e+00,8.833312e+04
2.237675e+00,8.873621e+04
2.245753e+00,8.913737e+04
2.253831e+00,8.953770e+04
2.261910e+00,8.993832e+04
2.269988e+00,9.034032e+04
2.278066e+00,9.074482e+04
2.286144e+00,9.115292e+04
2.294223e+00,9.156573e+04
2.302301e+00,9.198435e+04
2.310379e+00,9.240989e+04
2.318457e+00,9.284346e+04
2.326536e+00,9.328616e+04
2.334614e+00,9.373909e+04
2.342692e+00,9.420338e+04
2.350770e+00,9.468011e+04
2.358849e+00,9.517062e+04
2.366927e+00,9.568192e+04
2.375005e+00,9.621557e+04
2.383083e+00,9.676962e+04
2.391162e+00,9.734210e+04
2.399240e+00,9.793105e+04
2.407318e+00,9.853452e+04
2.415396e+00,9.915054e+04
2.423475e+00,9.977715e+04
2.431553e+00,1.004124e+05
2.439631e+00,1.010543e+05
2.447709e+00,1.017010e+05
2.455788e+00,1.023504e+05
2.463866e+00,1.030006e+05
2.471944e+00,1.036496e+05
2.480022e+00,1.042956e+05
2.488101e+00,1.049364e+05
2.496179e+00,1.055702e+05
2.504257e+00,1.061950e+05
2.512335e+00,1.068089e+05
2.520414e+00,1.074098e+05
2.528492e+00,1.079959e+05
2.536570e+00,1.085651e+05
2.544648e+00,1.091155e+05
2.552727e+00,1.096452e+05
2.560805e+00,1.101522e+05
2.568883e+00,1.106345e+05
2.576961e+00,1.110902e+05
2.585040e+00,1.115289e+05
2.593118e+00,1.119630e+05
2.601196e+00,1.123920e+05
2.609274e+00,1.128156e+05
2.617353e+00,1.132337e+05
2.625431e+00,1.136460e+05
2.633509e+00,1.140521e+05
2.641587e+00,1.144518e+05
2.649666e+00,1.148448e+05
2.657744e+00,1.152308e+05
2.665822e+00,1.156096e+05
2.673900e+00,1.159808e+05
2.681979e+00,1.163443e+05
2.690057e+00,1.166996e+05
2.698135e+00,1.170466e+05
2.706213e+00,1.173850e+05
2.714292e+00,1.177144e+05
2.722370e+00,1.180347e+05
2.730448e+00,1.183455e+05
2.738526e+00,1.186465e+05
2.746605e+00,1.189375e+05
2.754683e+00,1.192182e+05
2.762761e+00,1.194883e+05
2.770839e+00,1.197476e+05
2.778918e+00,1.199957e+05
2.786996e+00,1.202318e+05
2.795074e+00,1.204530e+05
2.803152e+00,1.206601e+05
2.811231e+00,1.208544e+05
2.819309e+00,1.210371e+05
2.827387e+00,1.212097e+05
2.835465e+00,1.213734e+05
2.843544e+00,1.215295e+05
2.851622e+00,1.216793e+05
2.859700e+00,1.218241e+05
2.867778e+00,1.219653e+05
2.875857e+00,1.221041e+05
2.883935e+00,1.222418e+05
2.892013e+00,1.223797e+05
2.900091e+00,1.225192e+05
2.908170e+00,1.226615e+05
2.916248e+00,1.228080e+05
2.924326e+00,1.229598e+05
2.932404e+00,1.231185e+05
2.940483e+00,1.232852e+05
2.948561e+00,1.234612e+05
2.956639e+00,1.236479e+05
2.964717e+00,1.238466e+05
2.972795e+00,1.240585e+05
2.980874e+00,1.242850e+05
2.988952e+00,1.245274e+05
2.997030e+00,1.247869e+05
3.005108e+00,1.250732e+05
3.013187e+00,1.254122e+05
3.021265e+00,1.258030e+05
3.029343e+00,1.262424e+05
3.037421e+00,1.267273e+05
3.045500e+00,1.272547e+05
3.053578e+00,1.278215e+05
3.061656e+00,1.284245e+05
3.069734e+00,1.290606e+05
3.077813e+00,1.297268e+05
3.085891e+00,1.304199e+05
3.093969e+00,1.311369e+05
3.102047e+00,1.318746e+05
3.110126e+00,1.326299e+05
3.118204e+00,1.333997e+05
3.126282e+00,1.341810e+05
3.134360e+00,1.349706e+05
3.142439e+00,1.357655e+05
3.150517e+00,1.365624e+05
3.158595e+00,1.373584e+05
3.166673e+00,1.381503e+05
3.174752e+00,1.389351e+05
3.182830e+00,1.397095e+05
3.190908e+00,1.404706e+05
3.198986e+00,1.412152e+05
3.207065e+00,1.419402e+05
3.215143e+00,1.426425e+05
3.223221e+00,1.433190e+05
3.231299e+00,1.439667e+05
3.239378e+00,1.445823e+05
3.247456e+00,1.451629e+05
3.255534e+00,1.457052e+05
3.263612e+00,1.462109e+05
3.271691e+00,1.467010e+05
3.279769e+00,1.471792e+05
3.287847e+00,1.476462e+05
3.295925e+00,1.481027e+05
3.304004e+00,1.485494e+05
3.312082e+00,1.489869e+05
3.320160e+00,1.494159e+05
3.328238e+00,1.498371e+05
3.336317e+00,1.502512e+05
3.344395e+00,1.506589e+05
3.352473e+00,1.510609e+05
3.360551e+00,1.514577e+05
3.368630e+00,1.518502e+05
3.376708e+00,1.522390e+05
3.384786e+00,1.526247e+05
3.392864e+00,1.530081e+05
3.400943e+00,1.533899e+05
3.409021e+00,1.537706e+05
3.417099e+00,1.541511e+05
3.425177e+00,1.545319e+05
3.433256e+00,1.549138e+05
3.441334e+00,1.552975e+05
3.449412e+00,1.556835e+05
3.457490e+00,1.560727e+05
3.465569e+00,1.564657e+05
3.473647e+00,1.568631e+05
3.481725e+00,1.572657e+05
3.489803e+00,1.576741e+05
3.497882e+00,1.580899e+05
3.505960e+00,1.585146e+05
3.514038e+00,1.589474e+05
3.522116e+00,1.593874e+05
3.530195e+00,1.598336e+05
3.538273e+00,1.602851e+05
3.546351e+00,1.607409e+05
3.554429e+00,1.612001e+05
3.562508e+00,1.616618e+05
3.570586e+00,1.621250e+05
3.578664e+00,1.625888e+05
3.586742e+00,1.630522e+05
3.594821e+00,1.635143e+05
3.602899e+00,1.639742e+05
3.610977e+00,1.644309e+05
3.619055e+00,1.648835e+05
3.627134e+00,1.653310e+05
3.635212e+00,1.657726e+05
3.643290e+00,1.662072e+05
3.651368e+00,1.666339e+05
3.659447e+00,1.670518e+05
3.667525e+00,1.674600e+05
3.675603e+00,1.678575e+05
3.683681e+00,1.682433e+05
3.691760e+00,1.686166e+05
3.699838e+00,1.689764e+05
3.707916e+00,1.693217e+05
3.715994e+00,1.696516e+05
3.724073e+00,1.699652e+05
3.732151e+00,1.702615e+05
3.740229e+00,1.705396e+05
3.748307e+00,1.708020e+05
3.756386e+00,1.710529e+05
3.764464e+00,1.712929e+05
3.772542e+00,1.715227e+05
3.780620e+00,1.717430e+05
3.788699e+00,1.719546e+05
3.796777e+00,1.721581e+05
3.804855e+00,1.723542e+05
3.812933e+00,1.725437e+05
3.821012e+00,1.727272e+05
3.829090e+00,1.729055e+05
3.837168e+00,1.730791e+05
3.845246e+00,1.732490e+05
3.853325e+00,1.734156e+05
3.861403e+00,1.735799e+05
3.869481e+00,1.737424e+05
3.877559e+00,1.739038e+05
3.885638e+00,1.740649e+05
3.893716e+00,1.742263e+05
3.901794e+00,1.743888e+05
3.909872e+00,1.745531e+05
3.917951e+00,1.747198e+05
3.926029e+00,1.748897e+05
3.934107e+00,1.750634e+05
3.942185e+00,1.752418e+05
3.950264e+00,1.754254e+05
3.958342e+00,1.756150e+05
3.966420e+00,1.758112e+05
3.974498e+00,1.760148e+05
3.982577e+00,1.762266e+05
3.990655e+00,1.764471e+05
3.998733e+00,1.766770e+05
4.006811e+00,1.769172e+05
4.014890e+00,1.771683e+05
4.022968e+00,1.774317e+05
4.031046e+00,1.777142e+05
4.039124e+00,1.780165e+05
4.047203e+00,1.783374e+05
4.055281e+00,1.786758e+05
4.063359e+00,1.790305e+05
4.071437e+00,1.794005e+05
4.079516e+00,1.797845e+05
4.087594e+00,1.801816e+05
4.095672e+00,1.805904e+05
4.103750e+00,1.810100e+05
4.111829e+00,1.814391e+05
4.119907e+00,1.818767e+05
4.127985e+00,1.823216e+05
4.136063e+00,1.827726e+05
4.144142e+00,1.832288e+05
4.152220e+00,1.836888e+05
4.160298e+00,1.841516e+05
4.168376e+00,1.846161e+05
4.176455e+00,1.850811e+05
4.184533e+00,1.855455e+05
4.192611e+00,1.860082e+05
4.200689e+00,1.864680e+05
4.208768e+00,1.869239e+05
4.216846e+00,1.873746e+05
4.224924e+00,1.878190e+05
4.233002e+00,1.882561e+05
4.241081e+00,1.886846e+05
4.249159e+00,1.891035e+05
4.257237e+00,1.895116e+05
4.265315e+00,1.899078e+05
4.273394e+00,1.902910e+05
4.281472e+00,1.906600e+05
4.289550e+00,1.910137e+05
4.297628e+00,1.913510e+05
4.305707e+00,1.916707e+05
4.313785e+00,1.919773e+05
4.321863e+00,1.922779e+05
4.329941e+00,1.925728e+05
4.338020e+00,1.928621e+05
4.346098e+00,1.931461e+05
4.354176e+00,1.934251e+05
4.362254e+00,1.936991e+05
4.370333e+00,1.939686e+05
4.378411e+00,1.942336e+05
4.386489e+00,1.944944e+05
4.394567e+00,1.947513e+05
4.402646e+00,1.950043e+05
4.410724e+00,1.952539e+05
4.418802e+00,1.955001e+05
4.426880e+00,1.957432e+05
4.434958e+00,1.959835e+05
4.443037e+00,1.962211e+05
4.451115e+00,1.964562e+05
4.459193e+00,1.966892e+05
4.467271e+00,1.969201e+05
4.475350e+00,1.971493e+05
4.483428e+00,1.973769e+05
4.491506e+00,1.976032e+05
4.499584e+00,1.978283e+05
4.507663e+00,1.980526e+05
4.515741e+00,1.982762e+05
4.523819e+00,1.984994e+05
4.531897e+00,1.987223e+05
4.539976e+00,1.989452e+05
4.548054e+00,1.991683e+05
4.556132e+00,1.993919e+05
4.564210e+00,1.996161e+05
4.572289e+00,1.998411e+05
4.580367e+00,2.000673e+05
4.588445e+00,2.002948e+05
4.596523e+00,2.005238e+05
4.604602e+00,2.007546e+05
4.612680e+00,2.009873e+05
4.620758e+00,2.012222e+05
4.628836e+00,2.014596e+05
4.636915e+00,2.016996e+05
4.644993e+00,2.019424e+05
4.653071e+00,2.021884e+05
4.661149e+00,2.024376e+05
4.669228e+00,2.026903e+05
4.677306e+00,2.029468e+05
4.685384e+00,2.032072e+05
4.693462e+00,2.034721e+05
4.701541e+00,2.037416e+05
4.709619e+00,2.040155e+05
4.717697e+00,2.042935e+05
4.725775e+00,2.045753e+05
4.733854e+00,2.048607e+05
4.741932e+00,2.051493e+05
4.750010e+00,2.054410e+05
4.758088e+00,2.057353e+05
4.766167e+00,2.060321e+05
4.774245e+00,2.063310e+05
4.782323e+00,2.066319e+05
4.790401e+00,2.069343e+05
4.798480e+00,2.072381e+05
4.806558e+00,2.075429e+05
4.814636e+00,2.078485e+05
4.822714e+00,2.081545e+05
4.830793e+00,2.084608e+05
4.838871e+00,2.087671e+05
4.846949e+00,2.090730e+05
4.855027e+00,2.093782e+05
4.863106e+00,2.096826e+05
4.871184e+00,2.099858e+05
4.879262e+00,2.102876e+05
4.887340e+00,2.105876e+05
4.895419e+00,2.108856e+05
4.903497e+00,2.111814e+05
4.911575e+00,2.114745e+05
4.919653e+00,2.117649e+05
4.927732e+00,2.120521e+05
4.935810e+00,2.123359e+05
4.943888e+00,2.126161e+05
4.951966e+00,2.128923e+05
4.960045e+00,2.131643e+05
4.968123e+00,2.134318e+05
4.976201e+00,2.136945e+05
4.984279e+00,2.139521e+05
4.992358e+00,2.142044e+05
5.000436e+00,2.144511e+05
5.008514e+00,2.146918e+05
5.016592e+00,2.149265e+05
5.024671e+00,2.151546e+05
5.032749e+00,2.153761e+05
5.040827e+00,2.155913e+05
5.048905e+00,2.158034e+05
5.056984e+00,2.160129e+05
5.065062e+00,2.162197e+05
5.073140e+00,2.164239e+05
5.081218e+00,2.166256e+05
5.089297e+00,2.168249e+05
5.097375e+00,2.170218e+05
5.105453e+00,2.172165e+05
5.113531e+00,2.174088e+05
5.121610e+00,2.175990e+05
5.129688e+00,2.177871e+05
5.137766e+00,2.179731e+05
5.145844e+00,2.181571e+05
5.153923e+00,2.183392e+05
5.162001e+00,2.185195e+05
5.170079e+00,2.186979e+05
5.178157e+00,2.188747e+05
5.186236e+00,2.190497e+05
5.194314e+00,2.192232e+05
5.202392e+00,2.193952e+05
5.210470e+00,2.195657e+05
5.218549e+00,2.197347e+05
5.226627e+00,2.199025e+05
5.234705e+00,2.200690e+05
5.242783e+00,2.202343e+05
5.250862e+00,2.203984e+05
5.258940e+00,2.205615e+05
5.267018e+00,2.207235e+05
5.275096e+00,2.208846e+05
5.283175e+00,2.210448e+05
5.291253e+00,2.212043e+05
5.299331e+00,2.213629e+05
5.307409e+00,2.215209e+05
5.315488e+00,2.216782e+05
5.323566e+00,2.218351e+05
5.331644e+00,2.219914e+05
5.339722e+00,2.221472e+05
5.347801e+00,2.223028e+05
5.355879e+00,2.224580e+05
5.363957e+00,2.226130e+05
5.372035e+00,2.227678e+05
5.380114e+00,2.229226e+05
5.388192e+00,2.230773e+05
5.396270e+00,2.232320e+05
5.404348e+00,2.233868e+05
5.412427e+00,2.235418e+05
5.420505e+00,2.236970e+05
5.428583e+00,2.238525e+05
5.436661e+00,2.240084e+05
5.444740e+00,2.241638e+05
5.452818e+00,2.243177e+05
5.460896e+00,2.244701e+05
5.468974e+00,2.246210e+05
5.477053e+00,2.247706e+05
5.485131e+00,2.249188e+05
5.493209e+00,2.250657e+05
5.501287e+00,2.252115e+05
5.509366e+00,2.253560e+05
5.517444e+00,2.254994e+05
5.525522e+00,2.256418e+05
5.533600e+00,2.257832e+05
5.541679e+00,2.259236e+05
5.549757e+00,2.260631e+05
5.557835e+00,2.262018e+05
5.565913e+00,2.263397e+05
5.573992e+00,2.264769e+05
5.582070e+00,2.266134e+05
5.590148e+00,2.267492e+05
5.598226e+00,2.268845e+05
5.606305e+00,2.270193e+05
5.614383e+00,2.271536e+05
5.622461e+00,2.272875e+05
5.630539e+00,2.274211e+05
5.638618e+00,2.275544e+05
5.646696e+00,2.276874e+05
5.654774e+00,2.278202e+05
5.662852e+00,2.279529e+05
5.670931e+00,2.280856e+05
5.679009e+00,2.282182e+05
5.687087e+00,2.283508e+05
5.695165e+00,2.284836e+05
5.703244e+00,2.286164e+05
5.711322e+00,2.287495e+05
5.719400e+00,2.288828e+05
5.727478e+00,2.290165e+05
5.735557e+00,2.291504e+05
5.743635e+00,2.292848e+05
5.751713e+00,2.294197e+05
5.759791e+00,2.295551e+05
5.767870e+00,2.296911e+05
5.775948e+00,2.298277e+05
5.784026e+00,2.299650e+05
5.792104e+00,2.301030e+05
5.800183e+00,2.302418e+05
5.808261e+00,2.303815e+05
5.816339e+00,2.305221e+05
5.824417e+00,2.306637e+05
5.832496e+00,2.308062e+05
5.840574e+00,2.309499e+05
5.848652e+00,2.310947e+05
5.856730e+00,2.312406e+05
5.864809e+00,2.313878e+05
5.872887e+00,2.315362e+05
5.880965e+00,2.316860e+05
5.889043e+00,2.318373e+05
5.897121e+00,2.319899e+05
5.905200e+00,2.321441e+05
5.913278e+00,2.322998e+05
5.921356e+00,2.324572e+05
5.929434e+00,2.326162e+05
5.937513e+00,2.327769e+05
5.945591e+00,2.329395e+05
5.953669e+00,2.331086e+05
5.961747e+00,2.332871e+05
5.969826e+00,2.334745e+05
5.977904e+00,2.336700e+05
5.985982e+00,2.338733e+05
5.994060e+00,2.340838e+05
6.002139e+00,2.343008e+05
6.010217e+00,2.345240e+05
6.018295e+00,2.347527e+05
6.026373e+00,2.349864e+05
6.034452e+00,2.352245e+05
6.042530e+00,2.354665e+05
6.050608e+00,2.357119e+05
6.058686e+00,2.359600e+05
6.066765e+00,2.362105e+05
6.074843e+00,2.364626e+05
6.082921e+00,2.367159e+05
6.090999e+00,2.369698e+05
6.099078e+00,2.372239e+05
6.107156e+00,2.374774e+05
6.115234e+00,2.377299e+05
6.123312e+00,2.379809e+05
6.131391e+00,2.382298e+05
6.139469e+00,2.384760e+05
6.147547e+00,2.387190e+05
6.155625e+00,2.389583e+05
6.163704e+00,2.391933e+05
6.171782e+00,2.394235e+05
6.179860e+00,2.396483e+05
6.187938e+00,2.398671e+05
6.196017e+00,2.400795e+05
6.204095e+00,2.402849e+05
6.212173e+00,2.404827e+05
6.220251e+00,2.406725e+05
6.228330e+00,2.408535e+05
6.236408e+00,2.410254e+05
6.244486e+00,2.411876e+05
6.252564e+00,2.413394e+05
6.260643e+00,2.414804e+05
6.268721e+00,2.416101e+05
6.276799e+00,2.417278e+05
6.284877e+00,2.418331e+05
6.292956e+00,2.419253e+05
6.301034e+00,2.420040e+05
6.309112e+00,2.420686e+05
6.317190e+00,2.421185e+05
6.325269e+00,2.421532e+05
6.333347e+00,2.421722e+05
6.341425e+00,2.421759e+05
6.349503e+00,2.421759e+05
6.357582e+00,2.421759e+05
6.365660e+00,2.421759e+05
6.373738e+00,2.421759e+05
6.381816e+00,2.421759e+05
6.389895e+00,2.421759e+05
6.397973e+00,2.421759e+05
6.406051e+00,2.421759e+05
6.414129e+00,2.421759e+05
6.422208e+00,2.421759e+05
6.430286e+00,2.421759e+05
6.438364e+00,2.421759e+05
6.446442e+00,2.421759e+05
6.454521e+00,2.421759e+05
6.462599e+00,2.421759e+05
6.470677e+00,2.421759e+05
6.478755e+00,2.421759e+05
6.486834e+00,2.421759e+05
6.494912e+00,2.421759e+05
6.502990e+00,2.421759e+05
6.511068e+00,2.421759e+05
6.519147e+00,2.421759e+05
6.527225e+00,2.421759e+05
6.535303e+00,2.421759e+05
6.543381e+00,2.421759e+05
6.551460e+00,2.421759e+05
6.559538e+00,2.421759e+05
6.567616e+00,2.421759e+05
6.575694e+00,2.421759e+05
6.583773e+00,2.421759e+05
6.591851e+00,2.421759e+05
6.599929e+00,2.421759e+05
6.608007e+00,2.421759e+05
6.616086e+00,2.421759e+05
6.624164e+00,2.421759e+05
6.632242e+00,2.421759e+05
6.640320e+00,2.421759e+05
6.648399e+00,2.421759e+05
6.656477e+00,2.421759e+05
6.664555e+00,2.421759e+05
6.672633e+00,2.421759e+05
6.680712e+00,2.421759e+05
6.688790e+00,2.421759e+05
6.696868e+00,2.421759e+05
6.704946e+00,2.421759e+05
6.713025e+00,2.421759e+05
6.721103e+00,2.421759e+05
6.729181e+00,2.421759e+05
6.737259e+00,2.421759e+05
6.745338e+00,2.421759e+05
6.753416e+00,2.421759e+05
6.761494e+00,2.421759e+05
6.769572e+00,2.421759e+05
6.777651e+00,2.421759e+05
6.785729e+00,2.421759e+05
6.793807e+00,2.421759e+05
6.801885e+00,2.421759e+05
6.809964e+00,2.421759e+05
6.818042e+00,2.421759e+05
6.826120e+00,2.421759e+05
6.834198e+00,2.421759e+05
6.842277e+00,2.421759e+05
6.850355e+00,2.421759e+05
6.858433e+00,2.421759e+05
6.866511e+00,2.421759e+05
6.874590e+00,2.421759e+05
6.882668e+00,2.421759e+05
6.890746e+00,2.421759e+05
6.898824e+00,2.421759e+05
6.906903e+00,2.421759e+05
6.914981e+00,2.421759e+05
6.923059e+00,2.421759e+05
6.931137e+00,2.421759e+05
6.939216e+00,2.421759e+05
6.947294e+00,2.421759e+05
6.955372e+00,2.421759e+05
6.963450e+00,2.421759e+05
6.971529e+00,2.421759e+05
6.979607e+00,2.421759e+05
6.987685e+00,2.421759e+05
6.995763e+00,2.421759e+05
7.003842e+00,2.421759e+05
7.011920e+00,2.421759e+05
7.019998e+00,2.421759e+05
7.028076e+00,2.421759e+05
7.036155e+00,2.421759e+05
7.044233e+00,2.421759e+05
7.052311e+00,2.421759e+05
7.060389e+00,2.421759e+05
7.068468e+00,2.421759e+05
7.076546e+00,2.421759e+05
7.084624e+00,2.421759e+05
7.092702e+00,2.421759e+05
7.100781e+00,2.421759e+05
7.108859e+00,2.421759e+05
7.116937e+00,2.421759e+05
7.125015e+00,2.421759e+05
7.133094e+00,2.421759e+05
7.141172e+00,2.421759e+05
7.149250e+00,2.421759e+05
7.157328e+00,2.421759e+05
7.165407e+00,2.421759e+05
7.173485e+00,2.421759e+05
7.181563e+00,2.421759e+05
7.189641e+00,2.421759e+05
7.197720e+00,2.421759e+05
7.205798e+00,2.421759e+05
7.213876e+00,2.421759e+05
7.221954e+00,2.421759e+05
7.230033e+00,2.421759e+05
7.238111e+00,2.421759e+05
7.246189e+00,2.421759e+05
7.254267e+00,2.421759e+05
7.262346e+00,2.421759e+05
7.270424e+00,2.421642e+05
7.278502e+00,2.421231e+05
7.286580e+00,2.420539e+05
7.294659e+00,2.419577e+05
7.302737e+00,2.418361e+05
7.310815e+00,2.416904e+05
7.318893e+00,2.415219e+05
7.326972e+00,2.413321e+05
7.335050e+00,2.411223e+05
7.343128e+00,2.408939e+05
7.351206e+00,2.406482e+05
7.359285e+00,2.403867e+05
7.367363e+00,2.401107e+05
7.375441e+00,2.398215e+05
7.383519e+00,2.395206e+05
7.391597e+00,2.392094e+05
7.399676e+00,2.388891e+05
7.407754e+00,2.385612e+05
7.415832e+00,2.382271e+05
7.423910e+00,2.378881e+05
7.431989e+00,2.375456e+05
7.440067e+00,2.372010e+05
7.448145e+00,2.368556e+05
7.456223e+00,2.365108e+05
7.464302e+00,2.361680e+05
7.472380e+00,2.358286e+05
7.480458e+00,2.354939e+05
7.488536e+00,2.351654e+05
7.496615e+00,2.348443e+05
7.504693e+00,2.345321e+05
7.512771e+00,2.342301e+05
7.520849e+00,2.339397e+05
7.528928e+00,2.336623e+05
7.537006e+00,2.333993e+05
7.545084e+00,2.331520e+05
7.553162e+00,2.329218e+05
7.561241e+00,2.327011e+05
7.569319e+00,2.324813e+05
7.577397e+00,2.322626e+05
7.585475e+00,2.320449e+05
7.593554e+00,2.318283e+05
7.601632e+00,2.316127e+05
7.609710e+00,2.313982e+05
7.617788e+00,2.311848e+05
7.625867e+00,2.309725e+05
7.633945e+00,2.307614e+05
7.642023e+00,2.305515e+05
7.650101e+00,2.303427e+05
7.658180e+00,2.301351e+05
7.666258e+00,2.299288e+05
7.674336e+00,2.297237e+05
7.682414e+00,2.295199e+05
7.690493e+00,2.293174e+05
7.698571e+00,2.291162e+05
7.706649e+00,2.289163e+05
7.714727e+00,2.287178e+05
7.722806e+00,2.285206e+05
7.730884e+00,2.283249e+05
7.738962e+00,2.281305e+05
7.747040e+00,2.279376e+05
7.755119e+00,2.277461e+05
7.763197e+00,2.275561e+05
7.771275e+00,2.273676e+05
7.779353e+00,2.271806e+05
7.787432e+00,2.269951e+05
7.795510e+00,2.268112e+05
7.803588e+00,2.266288e+05
7.811666e+00,2.264481e+05
7.819745e+00,2.262689e+05
7.827823e+00,2.260914e+05
7.835901e+00,2.259156e+05
7.843979e+00,2.257414e+05
7.852058e+00,2.255689e+05
7.860136e+00,2.253981e+05
7.868214e+00,2.252291e+05
7.876292e+00,2.250618e+05
7.884371e+00,2.248963e+05
7.892449e+00,2.247325e+05
7.900527e+00,2.245706e+05
7.908605e+00,2.244106e+05
7.916684e+00,2.242524e+05
7.924762e+00,2.240960e+05
7.932840e+00,2.239422e+05
7.940918e+00,2.237946e+05
7.948997e+00,2.236530e+05
7.957075e+00,2.235172e+05
7.965153e+00,2.233865e+05
7.973231e+00,2.232605e+05
7.981310e+00,2.231386e+05
7.989388e+00,2.230203e+05
7.997466e+00,2.229052e+05
8.005544e+00,2.227926e+05
8.013623e+00,2.226822e+05
8.021701e+00,2.225733e+05
8.029779e+00,2.224656e+05
8.037857e+00,2.223584e+05
8.045936e+00,2.222513e+05
8.054014e+00,2.221437e+05
8.062092e+00,2.220352e+05
8.070170e+00,2.219253e+05
8.078249e+00,2.218133e+05
8.086327e+00,2.216989e+05
8.094405e+00,2.215815e+05
8.102483e+00,2.214606e+05
8.110562e+00,2.213357e+05
8.118640e+00,2.212062e+05
8.126718e+00,2.210718e+05
8.134796e+00,2.209318e+05
8.142875e+00,2.207858e+05
8.150953e+00,2.206332e+05
8.159031e+00,2.204736e+05
8.167109e+00,2.203064e+05
8.175188e+00,2.201311e+05
8.183266e+00,2.199472e+05
8.191344e+00,2.197543e+05
8.199422e+00,2.195448e+05
8.207501e+00,2.193016e+05
8.215579e+00,2.190258e+05
8.223657e+00,2.187197e+05
8.231735e+00,2.183855e+05
8.239814e+00,2.180255e+05
8.247892e+00,2.176420e+05
8.255970e+00,2.172371e+05
8.264048e+00,2.168131e+05
8.272127e+00,2.163722e+05
8.280205e+00,2.159168e+05
8.288283e+00,2.154490e+05
8.296361e+00,2.149710e+05
8.304440e+00,2.144853e+05
8.312518e+00,2.139939e+05
8.320596e+00,2.134991e+05
8.328674e+00,2.130031e+05
8.336753e+00,2.125083e+05
8.344831e+00,2.120169e+05
8.352909e+00,2.115310e+05
8.360987e+00,2.110530e+05
8.369066e+00,2.105851e+05
8.377144e+00,2.101295e+05
8.385222e+00,2.096884e+05
8.393300e+00,2.092642e+05
8.401379e+00,2.088591e+05
8.409457e+00,2.084753e+05
8.417535e+00,2.081150e+05
8.425613e+00,2.077805e+05
8.433692e+00,2.074741e+05
8.441770e+00,2.071978e+05
8.449848e+00,2.069409e+05
8.457926e+00,2.066949e+05
8.466005e+00,2.064593e+05
8.474083e+00,2.062336e+05
8.482161e+00,2.060171e+05
8.490239e+00,2.058092e+05
8.498318e+00,2.056094e+05
8.506396e+00,2.054172e+05
8.514474e+00,2.052318e+05
8.522552e+00,2.050528e+05
8.530631e+00,2.048795e+05
8.538709e+00,2.047114e+05
8.546787e+00,2.045479e+05
8.554865e+00,2.043884e+05
8.562944e+00,2.042323e+05
8.571022e+00,2.040791e+05
8.579100e+00,2.039281e+05
8.587178e+00,2.037789e+05
8.595257e+00,2.036307e+05
8.603335e+00,2.034830e+05
8.611413e+00,2.033353e+05
8.619491e+00,2.031869e+05
8.627570e+00,2.030373e+05
8.635648e+00,2.028859e+05
8.643726e+00,2.027321e+05
8.651804e+00,2.025753e+05
8.659883e+00,2.024150e+05
8.667961e+00,2.022505e+05
8.676039e+00,2.020813e+05
8.684117e+00,2.019068e+05
8.692196e+00,2.017265e+05
8.700274e+00,2.015396e+05
8.708352e+00,2.013458e+05
8.716430e+00,2.011443e+05
8.724509e+00,2.009346e+05
8.732587e+00,2.007161e+05
8.740665e+00,2.004883e+05
8.748743e+00,2.002505e+05
8.756822e+00,2.000021e+05
8.764900e+00,1.997427e+05
8.772978e+00,1.994715e+05
8.781056e+00,1.991858e+05
8.789135e+00,1.988673e+05
8.797213e+00,1.985138e+05
8.805291e+00,1.981278e+05
8.813369e+00,1.977115e+05
8.821448e+00,1.972674e+05
8.829526e+00,1.967977e+05
8.837604e+00,1.963048e+05
8.845682e+00,1.957910e+05
8.853760e+00,1.952586e+05
8.861839e+00,1.947101e+05
8.869917e+00,1.941477e+05
8.877995e+00,1.935738e+05
8.886073e+00,1.929907e+05
8.894152e+00,1.924007e+05
8.902230e+00,1.918062e+05
8.910308e+00,1.912095e+05
8.918386e+00,1.906129e+05
8.926465e+00,1.900189e+05
8.934543e+00,1.894297e+05
8.942621e+00,1.888476e+05
8.950699e+00,1.882750e+05
8.958778e+00,1.877143e+05
8.966856e+00,1.871677e+05
8.974934e+00,1.866377e+05
8.983012e+00,1.861264e+05
8.991091e+00,1.856364e+05
8.999169e+00,1.851699e+05
9.007247e+00,1.847292e+05
9.015325e+00,1.843165e+05
9.023404e+00,1.839192e+05
9.031482e+00,1.835286e+05
9.039560e+00,1.831443e+05
9.047638e+00,1.827661e+05
9.055717e+00,1.823939e+05
9.063795e+00,1.820274e+05
9.071873e+00,1.816664e+05
9.079951e+00,1.813106e+05
9.088030e+00,1.809599e+05
9.096108e+00,1.806140e+05
9.104186e+00,1.802726e+05
9.112264e+00,1.799356e+05
9.120343e+00,1.796028e+05
9.128421e+00,1.792738e+05
9.136499e+00,1.789485e+05
9.144577e+00,1.786266e+05
9.152656e+00,1.783080e+05
9.160734e+00,1.779924e+05
9.168812e+00,1.776795e+05
9.176890e+00,1.773692e+05
9.184969e+00,1.770612e+05
9.193047e+00,1.767553e+05
9.201125e+00,1.764512e+05
9.209203e+00,1.761488e+05
9.217282e+00,1.758478e+05
9.225360e+00,1.755480e+05
9.233438e+00,1.752492e+05
9.241516e+00,1.749511e+05
9.249595e+00,1.746535e+05
9.257673e+00,1.743562e+05
9.265751e+00,1.740590e+05
9.273829e+00,1.737616e+05
9.281908e+00,1.734638e+05
9.289986e+00,1.731654e+05
9.298064e+00,1.728661e+05
9.306142e+00,1.725658e+05
9.314221e+00,1.722642e+05
9.322299e+00,1.719610e+05
9.330377e+00,1.716561e+05
9.338455e+00,1.713493e+05
9.346534e+00,1.710402e+05
9.354612e+00,1.707287e+05
9.362690e+00,1.704151e+05
9.370768e+00,1.701036e+05
9.378847e+00,1.697951e+05
9.386925e+00,1.694893e+05
9.395003e+00,1.691862e+05
9.403081e+00,1.688855e+05
9.411160e+00,1.685871e+05
9.419238e+00,1.682908e+05
9.427316e+00,1.679965e+05
9.435394e+00,1.677040e+05
9.443473e+00,1.674131e+05
9.451551e+00,1.671237e+05
9.459629e+00,1.668356e+05
9.467707e+00,1.665487e+05
9.475786e+00,1.662627e+05
9.483864e+00,1.659776e+05
9.491942e+00,1.656932e+05
9.500020e+00,1.654092e+05
9.508099e+00,1.651256e+05
9.516177e+00,1.648422e+05
9.524255e+00,1.645588e+05
9.532333e+00,1.642752e+05
9.540412e+00,1.639914e+05
9.548490e+00,1.637070e+05
9.556568e+00,1.634220e+05
9.564646e+00,1.631363e+05
9.572725e+00,1.628495e+05
9.580803e+00,1.625616e+05
9.588881e+00,1.622725e+05
9.596959e+00,1.619819e+05
9.605038e+00,1.616897e+05
9.613116e+00,1.613957e+05
9.621194e+00,1.610997e+05
9.629272e+00,1.608017e+05
9.637351e+00,1.605014e+05
9.645429e+00,1.601987e+05
9.653507e+00,1.598934e+05
9.661585e+00,1.595853e+05
9.669664e+00,1.592743e+05
9.677742e+00,1.589603e+05
9.685820e+00,1.586430e+05
9.693898e+00,1.583223e+05
9.701977e+00,1.579981e+05
9.710055e+00,1.576701e+05
9.718133e+00,1.573382e+05
9.726211e+00,1.570023e+05
9.734290e+00,1.566622e+05
9.742368e+00,1.563177e+05
9.750446e+00,1.559686e+05
9.758524e+00,1.556149e+05
9.766603e+00,1.552562e+05
9.774681e+00,1.548926e+05
9.782759e+00,1.545232e+05
9.790837e+00,1.541447e+05
9.798916e+00,1.537570e+05
9.806994e+00,1.533604e+05
9.815072e+00,1.529552e+05
9.823150e+00,1.525418e+05
9.831229e+00,1.521204e+05
9.839307e+00,1.516914e+05
9.847385e+00,1.512551e+05
9.855463e+00,1.508118e+05
9.863542e+00,1.503619e+05
9.871620e+00,1.499056e+05
9.879698e+00,1.494433e+05
9.887776e+00,1.489753e+05
9.895855e+00,1.485019e+05
9.903933e+00,1.480235e+05
9.912011e+00,1.475403e+05
9.920089e+00,1.470526e+05
9.928168e+00,1.465609e+05
9.936246e+00,1.460654e+05
9.944324e+00,1.455664e+05
9.952402e+00,1.450643e+05
9.960481e+00,1.445594e+05
9.968559e+00,1.440519e+05
9.976637e+00,1.435423e+05
9.984715e+00,1.430308e+05
9.992794e+00,1.425177e+05
1.000087e+01,1.420035e+05
1.000895e+01,1.414883e+05
1.001703e+01,1.409725e+05
1.002511e+01,1.404565e+05
1.003318e+01,1.399405e+05
1.004126e+01,1.394249e+05
1.004934e+01,1.389099e+05
1.005742e+01,1.383960e+05
1.006550e+01,1.378834e+05
1.007358e+01,1.373725e+05
1.008165e+01,1.368635e+05
1.008973e+01,1.363568e+05
1.009781e+01,1.358527e+05
1.010589e+01,1.353516e+05
1.011397e+01,1.348537e+05
1.012205e+01,1.343593e+05
1.013012e+01,1.338689e+05
1.013820e+01,1.333826e+05
1.014628e+01,1.329009e+05
1.015436e+01,1.324240e+05
1.016244e+01,1.319523e+05
1.017052e+01,1.314861e+05
1.017859e+01,1.310256e+05
1.018667e+01,1.305713e+05
1.019475e+01,1.301235e+05
1.020283e+01,1.296824e+05
1.021091e+01,1.292484e+05
1.021898e+01,1.288218e+05
1.022706e+01,1.284029e+05
1.023514e+01,1.279920e+05
1.024322e+01,1.275895e+05
1.025130e+01,1.271954e+05
1.025938e+01,1.268064e+05
1.026745e+01,1.264215e+05
1.027553e+01,1.260405e+05
1.028361e+01,1.256633e+05
1.029169e+01,1.252898e+05
1.029977e+01,1.249199e+05
1.030785e+01,1.245535e+05
1.031592e+01,1.241904e+05
1.032400e+01,1.238306e+05
1.033208e+01,1.234739e+05
1.034016e+01,1.231202e+05
1.034824e+01,1.227694e+05
1.035631e+01,1.224214e+05
1.036439e+01,1.220760e+05
1.037247e+01,1.217332e+05
1.038055e+01,1.213928e+05
1.038863e+01,1.210548e+05
1.039671e+01,1.207189e+05
1.040478e+01,1.203851e+05
1.041286e+01,1.200533e+05
1.042094e+01,1.197234e+05
1.042902e+01,1.193952e+05
1.043710e+01,1.190686e+05
1.044518e+01,1.187435e+05
1.045325e+01,1.184198e+05
1.046133e+01,1.180974e+05
1.046941e+01,1.177762e+05
1.047749e+01,1.174560e+05
1.048557e+01,1.171368e+05
1.049364e+01,1.168184e+05
1.050172e+01,1.165006e+05
1.050980e+01,1.161835e+05
1.051788e+01,1.158668e+05
1.052596e+01,1.155505e+05
1.053404e+01,1.152344e+05
1.054211e+01,1.149185e+05
1.055019e+01,1.146026e+05
1.055827e+01,1.142865e+05
1.056635e+01,1.139703e+05
1.057443e+01,1.136537e+05
1.058251e+01,1.133366e+05
1.059058e+01,1.130190e+05
1.059866e+01,1.127007e+05
1.060674e+01,1.123816e+05
1.061482e+01,1.120616e+05
1.062290e+01,1.117406e+05
1.063098e+01,1.114184e+05
1.063905e+01,1.110950e+05
1.064713e+01,1.107702e+05
1.065521e+01,1.104439e+05
1.066329e+01,1.101160e+05
1.067137e+01,1.097864e+05
1.067944e+01,1.094550e+05
1.068752e+01,1.091216e+05
1.069560e+01,1.087861e+05
1.070368e+01,1.084485e+05
1.071176e+01,1.081085e+05
1.071984e+01,1.077662e+05
1.072791e+01,1.074213e+05
1.073599e+01,1.070738e+05
1.074407e+01,1.067237e+05
1.075215e+01,1.063729e+05
1.076023e+01,1.060218e+05
1.076831e+01,1.056704e+05
1.077638e+01,1.053186e+05
1.078446e+01,1.049665e+05
1.079254e+01,1.046140e+05
1.080062e+01,1.042610e+05
1.080870e+01,1.039076e+05
1.081677e+01,1.035537e+05
1.082485e+01,1.031993e+05
1.083293e+01,1.028443e+05
1.084101e+01,1.024887e+05
1.084909e+01,1.021325e+05
1.085717e+01,1.017757e+05
1.086524e+01,1.014182e+05
1.087332e+01,1.010599e+05
1.088140e+01,1.007009e+05
1.088948e+01,1.003412e+05
1.089756e+01,9.998059e+04
1.090564e+01,9.961918e+04
1.091371e+01,9.925690e+04
1.092179e+01,9.889372e+04
1.092987e+01,9.852961e+04
1.093795e+01,9.816453e+04
1.094603e+01,9.779845e+04
1.095411e+01,9.743135e+04
1.096218e+01,9.706319e+04
1.097026e+01,9.669394e+04
1.097834e+01,9.632358e+04
1.098642e+01,9.595205e+04
1.099450e+01,9.557935e+04
1.100257e+01,9.520543e+04
1.101065e+01,9.483026e+04
1.101873e+01,9.445382e+04
1.102681e+01,9.407607e+04
1.103489e+01,9.369697e+04
1.104297e+01,9.331651e+04
1.105104e+01,9.293464e+04
1.105912e+01,9.255134e+04
1.106720e+01,9.216657e+04
1.107528e+01,9.178031e+04
1.108336e+01,9.139250e+04
1.109144e+01,9.100178e+04
1.109951e+01,9.060739e+04
1.110759e+01,9.020951e+04
1.111567e+01,8.980830e+04
1.112375e+01,8.940394e+04
1.113183e+01,8.899661e+04
1.113990e+01,8.858648e+04
1.114798e+01,8.817373e+04
1.115606e+01,8.775852e+04
1.116414e+01,8.734104e+04
1.117222e+01,8.692145e+04
1.118030e+01,8.649993e+04
1.118837e+01,8.607666e+04
1.119645e+01,8.565181e+04
1.120453e+01,8.522555e+04
1.121261e+01,8.479806e+04
1.122069e+01,8.436951e+04
1.122877e+01,8.394008e+04
1.123684e+01,8.350994e+04
1.124492e+01,8.307927e+04
1.125300e+01,8.264823e+04
1.126108e+01,8.221700e+04
1.126916e+01,8.178577e+04
1.127724e+01,8.135469e+04
1.128531e+01,8.092395e+04
1.129339e+01,8.049372e+04
1.130147e+01,8.006417e+04
1.130955e+01,7.963548e+04
1.131763e+01,7.920783e+04
1.132570e+01,7.878138e+04
1.133378e+01,7.835631e+04
1.134186e+01,7.793279e+04
1.134994e+01,7.751101e+04
1.135802e+01,7.709112e+04
1.136610e+01,7.667332e+04
1.137417e+01,7.625776e+04
1.138225e+01,7.584464e+04
1.139033e+01,7.543411e+04
1.139841e+01,7.502635e+04
1.140649e+01,7.462155e+04
1.141457e+01,7.421986e+04
1.142264e+01,7.382148e+04
1.143072e+01,7.342656e+04
1.143880e+01,7.303529e+04
1.144688e+01,7.264784e+04
1.145496e+01,7.226419e+04
1.146303e+01,7.188135e+04
1.147111e+01,7.149830e+04
1.147919e+01,7.111513e+04
1.148727e+01,7.073191e+04
1.149535e+01,7.034874e+04
1.150343e+01,6.996569e+04
1.151150e+01,6.958286e+04
1.151958e+01,6.920031e+04
1.152766e+01,6.881815e+04
1.153574e+01,6.843645e+04
1.154382e+01,6.805530e+04
1.155190e+01,6.767478e+04
1.155997e+01,6.729497e+04
1.156805e+01,6.691596e+04
1.157613e+01,6.653784e+04
1.158421e+01,6.616068e+04
1.159229e+01,6.578457e+04
1.160037e+01,6.540960e+04
1.160844e+01,6.503585e+04
1.161652e+01,6.466340e+04
1.162460e+01,6.429234e+04
1.163268e+01,6.392275e+04
1.164076e+01,6.355472e+04
1.164883e+01,6.318832e+04
1.165691e+01,6.282365e+04
1.166499e+01,6.246079e+04
1.167307e+01,6.209982e+04
1.168115e+01,6.174082e+04
1.168923e+01,6.138388e+04
1.169730e+01,6.102909e+04
1.170538e+01,6.067653e+04
1.171346e+01,6.032627e+04
1.172154e+01,5.997842e+04
1.172962e+01,5.963304e+04
1.173770e+01,5.929023e+04
1.174577e+01,5.895006e+04
1.175385e+01,5.861263e+04
1.176193e+01,5.827801e+04
1.177001e+01,5.794630e+04
1.177809e+01,5.761756e+04
1.178616e+01,5.729190e+04
1.179424e+01,5.696939e+04
1.180232e+01,5.665011e+04
1.181040e+01,5.633416e+04
1.181848e+01,5.602161e+04
1.182656e+01,5.571255e+04
1.183463e+01,5.540706e+04
1.184271e+01,5.510523e+04
1.185079e+01,5.480714e+04
1.185887e+01,5.451287e+04
1.186695e+01,5.422251e+04
1.187503e+01,5.393615e+04
1.188310e+01,5.365386e+04
1.189118e+01,5.337554e+04
1.189926e+01,5.310104e+04
1.190734e+01,5.283024e+04
1.191542e+01,5.256300e+04
1.192349e+01,5.229917e+04
1.193157e+01,5.203864e+04
1.193965e+01,5.178126e+04
1.194773e+01,5.152690e+04
1.195581e+01,5.127541e+04
1.196389e+01,5.102667e+04
1.197196e+01,5.078054e+04
1.198004e+01,5.053689e+04
1.198812e+01,5.029558e+04
1.199620e+01,5.005647e+04
1.200428e+01,4.981942e+04
1.201236e+01,4.958431e+04
1.202043e+01,4.935100e+04
1.202851e+01,4.911935e+04
1.203659e+01,4.888923e+04
1.204467e+01,4.866049e+04
1.205275e+01,4.843301e+04
1.206083e+01,4.820665e+04
1.206890e+01,4.798128e+04
1.207698e+01,4.775676e+04
1.208506e+01,4.753294e+04
1.209314e+01,4.730971e+04
1.210122e+01,4.708692e+04
1.210929e+01,4.686443e+04
1.211737e+01,4.664212e+04
1.212545e+01,4.641984e+04
1.213353e+01,4.619747e+04
1.214161e+01,4.597486e+04
1.214969e+01,4.575187e+04
1.215776e+01,4.552839e+04
1.216584e+01,4.530426e+04
1.217392e+01,4.507935e+04
1.218200e+01,4.485353e+04
1.219008e+01,4.462667e+04
1.219816e+01,4.439862e+04
1.220623e+01,4.416925e+04
1.221431e+01,4.393843e+04
1.222239e+01,4.370602e+04
1.223047e+01,4.347188e+04
1.223855e+01,4.323588e+04
1.224662e+01,4.299789e+04
1.225470e+01,4.275777e+04
1.226278e+01,4.251537e+04
1.227086e+01,4.227058e+04
1.227894e+01,4.202325e+04
1.228702e+01,4.177324e+04
1.229509e+01,4.152042e+04
1.230317e+01,4.126466e+04
1.231125e+01,4.100590e+04
1.231933e+01,4.074451e+04
1.232741e+01,4.048066e+04
1.233549e+01,4.021447e+04
1.234356e+01,3.994607e+04
1.235164e+01,3.967555e+04
1.235972e+01,3.940303e+04
1.236780e+01,3.912864e+04
1.237588e+01,3.885248e+04
1.238396e+01,3.857467e+04
1.239203e+01,3.829533e+04
1.240011e+01,3.801457e+04
1.240819e+01,3.773250e+04
1.241627e+01,3.744924e+04
1.242435e+01,3.716491e+04
1.243242e+01,3.687961e+04
1.244050e+01,3.659347e+04
1.244858e+01,3.630660e+04
1.245666e+01,3.601911e+04
1.246474e+01,3.573112e+04
1.247282e+01,3.544274e+04
1.248089e+01,3.515409e+04
1.248897e+01,3.486529e+04
1.249705e+01,3.457644e+04
1.250513e+01,3.428766e+04
1.251321e+01,3.399908e+04
1.252129e+01,3.371079e+04
1.252936e+01,3.342292e+04
1.253744e+01,3.313559e+04
1.254552e+01,3.284890e+04
1.255360e+01,3.256298e+04
1.256168e+01,3.227793e+04
1.256975e+01,3.199387e+04
1.257783e+01,3.171092e+04
1.258591e+01,3.142919e+04
1.259399e+01,3.114879e+04
1.260207e+01,3.086985e+04
1.261015e+01,3.059248e+04
1.261822e+01,3.031678e+04
1.262630e+01,3.004288e+04
1.263438e+01,2.977089e+04
1.264246e+01,2.950093e+04
1.265054e+01,2.923310e+04
1.265862e+01,2.896753e+04
1.266669e+01,2.870279e+04
1.267477e+01,2.843750e+04
1.268285e+01,2.817179e+04
1.269093e+01,2.790576e+04
1.269901e+01,2.763952e+04
1.270709e+01,2.737318e+04
1.271516e+01,2.710685e+04
1.272324e+01,2.684063e+04
1.273132e+01,2.657464e+04
1.273940e+01,2.630898e+04
1.274748e+01,2.604376e+04
1.275555e+01,2.577910e+04
1.276363e+01,2.551509e+04
1.277171e+01,2.525186e+04
1.277979e+01,2.498950e+04
1.278787e+01,2.472813e+04
1.279595e+01,2.446785e+04
1.280402e+01,2.420878e+04
1.281210e+01,2.395101e+04
1.282018e+01,2.369467e+04
1.282826e+01,2.343986e+04
1.283634e+01,2.318669e+04
1.284442e+01,2.293527e+04
1.285249e+01,2.268570e+04
1.286057e+01,2.243810e+04
1.286865e+01,2.219257e+04
1.287673e+01,2.194922e+04
1.288481e+01,2.170816e+04
1.289288e+01,2.146950e+04
1.290096e+01,2.123335e+04
1.290904e+01,2.099982e+04
1.291712e+01,2.076902e+04
1.292520e+01,2.054105e+04
1.293328e+01,2.031602e+04
1.294135e+01,2.009404e+04
1.294943e+01,1.987523e+04
1.295751e+01,1.965968e+04
1.296559e+01,1.944672e+04
1.297367e+01,1.923491e+04
1.298175e+01,1.902427e+04
1.298982e+01,1.881483e+04
1.299790e+01,1.860663e+04
1.300598e+01,1.839971e+04
1.301406e+01,1.819411e+04
1.302214e+01,1.798987e+04
1.303022e+01,1.778704e+04
1.303829e+01,1.758564e+04
1.304637e+01,1.738573e+04
1.305445e+01,1.718734e+04
1.306253e+01,1.699050e+04
1.307061e+01,1.679527e+04
1.307868e+01,1.660168e+04
1.308676e+01,1.640976e+04
1.309484e+01,1.621957e+04
1.310292e+01,1.603114e+04
1.311100e+01,1.584450e+04
1.311908e+01,1.565970e+04
1.312715e+01,1.547679e+04
1.313523e+01,1.529579e+04
1.314331e+01,1.511675e+04
1.315139e+01,1.493970e+04
1.315947e+01,1.476470e+04
1.316755e+01,1.459177e+04
1.317562e+01,1.442096e+04
1.318370e+01,1.425231e+04
1.319178e+01,1.408586e+04
1.319986e+01,1.392164e+04
1.320794e+01,1.375970e+04
1.321601e+01,1.360007e+04
1.322409e+01,1.344281e+04
1.323217e+01,1.328794e+04
1.324025e+01,1.313550e+04
1.324833e+01,1.298549e+04
1.325641e+01,1.283723e+04
1.326448e+01,1.269047e+04
1.327256e+01,1.254520e+04
1.328064e+01,1.240138e+04
1.328872e+01,1.225898e+04
1.329680e+01,1.211799e+04
1.330488e+01,1.197837e+04
1.331295e+01,1.184009e+04
1.332103e+01,1.170314e+04
1.332911e+01,1.156747e+04
1.333719e+01,1.143307e+04
1.334527e+01,1.129991e+04
1.335334e+01,1.116796e+04
1.336142e+01,1.103719e+04
1.336950e+01,1.090758e+04
1.337758e+01,1.077910e+04
1.338566e+01,1.065171e+04
1.339374e+01,1.052541e+04
1.340181e+01,1.040015e+04
1.340989e+01,1.027591e+04
1.341797e+01,1.015267e+04
1.342605e+01,1.003039e+04
1.343413e+01,9.909058e+03
1.344221e+01,9.788635e+03
1.345028e+01,9.669097e+03
1.345836e+01,9.550418e+03
1.346644e+01,9.432570e+03
1.347452e+01,9.315527e+03
1.348260e+01,9.199262e+03
1.349068e+01,9.083747e+03
1.349875e+01,8.968955e+03
1.350683e+01,8.854859e+03
1.351491e+01,8.741432e+03
1.352299e+01,8.628648e+03
1.353107e+01,8.516479e+03
1.353914e+01,8.404897e+03
1.354722e+01,8.293877e+03
1.355530e+01,8.183391e+03
1.356338e+01,8.073411e+03
1.357146e+01,7.963911e+03
1.357954e+01,7.854864e+03
1.358761e+01,7.746243e+03
1.359569e+01,7.638020e+03
1.360377e+01,7.530168e+03
1.361185e+01,7.422661e+03
1.361993e+01,7.315472e+03
1.362801e+01,7.208543e+03
1.363608e+01,7.101732e+03
1.364416e+01,6.995074e+03
1.365224e+01,6.888628e+03
1.366032e+01,6.782456e+03
1.366840e+01,6.676617e+03
1.367647e+01,6.571173e+03
1.368455e+01,6.466183e+03
1.369263e+01,6.361708e+03
1.370071e+01,6.257808e+03
1.370879e+01,6.154543e+03
1.371687e+01,6.051975e+03
1.372494e+01,5.950162e+03
1.373302e+01,5.849166e+03
1.374110e+01,5.749048e+03
1.374918e+01,5.649866e+03
1.375726e+01,5.551682e+03
1.376534e+01,5.454556e+03
1.377341e+01,5.358548e+03
1.378149e+01,5.263720e+03
1.378957e+01,5.170130e+03
1.379765e+01,5.077839e+03
1.380573e+01,4.986909e+03
1.381381e+01,4.897398e+03
1.382188e+01,4.809369e+03
1.382996e+01,4.722880e+03
1.383804e+01,4.637992e+03
1.384612e+01,4.554766e+03
1.385420e+01,4.473261e+03
1.386227e+01,4.393539e+03
1.387035e+01,4.315660e+03
1.387843e+01,4.239684e+03
1.388651e+01,4.165379e+03
1.389459e+01,4.091660e+03
1.390267e+01,4.018439e+03
1.391074e+01,3.945739e+03
1.391882e+01,3.873583e+03
1.392690e+01,3.801994e+03
1.393498e+01,3.730994e+03
1.394306e+01,3.660607e+03
1.395114e+01,3.590854e+03
1.395921e+01,3.521760e+03
1.396729e+01,3.453347e+03
1.397537e+01,3.385637e+03
1.398345e+01,3.318653e+03
1.399153e+01,3.252419e+03
1.399960e+01,3.186957e+03
1.400768e+01,3.122290e+03
1.401576e+01,3.058441e+03
1.402384e+01,2.995432e+03
1.403192e+01,2.933287e+03
1.404000e+01,2.872028e+03
1.404807e+01,2.811678e+03
1.405615e+01,2.752259e+03
1.406423e+01,2.693796e+03
1.407231e+01,2.636310e+03
1.408039e+01,2.579825e+03
1.408847e+01,2.524362e+03
1.409654e+01,2.469946e+03
1.410462e+01,2.416599e+03
1.411270e+01,2.364343e+03
1.412078e+01,2.313202e+03
1.412886e+01,2.263198e+03
1.413694e+01,2.214354e+03
1.414501e+01,2.166694e+03
1.415309e+01,2.120239e+03
1.416117e+01,2.075012e+03
1.416925e+01,2.031038e+03
1.417733e+01,1.988337e+03
1.418540e+01,1.946934e+03
1.419348e+01,1.906649e+03
1.420156e+01,1.866761e+03
1.420964e+01,1.827216e+03
1.421772e+01,1.788028e+03
1.422580e+01,1.749213e+03
1.423387e+01,1.710786e+03
1.424195e+01,1.672763e+03
1.425003e+01,1.635160e+03
1.425811e+01,1.597991e+03
1.426619e+01,1.561272e+03
1.427427e+01,1.525019e+03
1.428234e+01,1.489246e+03
1.429042e+01,1.453970e+03
1.429850e+01,1.419205e+03
1.430658e+01,1.384968e+03
1.431466e+01,1.351272e+03
1.432273e+01,1.318135e+03
1.433081e+01,1.285571e+03
1.433889e+01,1.253595e+03
1.434697e+01,1.222223e+03
1.435505e+01,1.191471e+03
1.436313e+01,1.161353e+03
1.437120e+01,1.131886e+03
1.437928e+01,1.103084e+03
1.438736e+01,1.074964e+03
1.439544e+01,1.047539e+03
1.440352e+01,1.020826e+03
1.441160e+01,9.948409e+02
1.441967e+01,9.695979e+02
1.442775e+01,9.451129e+02
1.443583e+01,9.214012e+02
1.444391e+01,8.984782e+02
1.445199e+01,8.763593e+02
1.446007e+01,8.550600e+02
1.446814e+01,8.345956e+02
1.447622e+01,8.149815e+02
1.448430e+01,7.962331e+02
1.449238e+01,7.783658e+02
1.450046e+01,7.613950e+02
1.450853e+01,7.451230e+02
1.451661e+01,7.291422e+02
1.452469e+01,7.134395e+02
1.453277e+01,6.980124e+02
1.454085e+01,6.828584e+02
1.454893e+01,6.679750e+02
1.455700e+01,6.533597e+02
1.456508e+01,6.390100e+02
1.457316e+01,6.249233e+02
1.458124e+01,6.110971e+02
1.458932e+01,5.975290e+02
1.459740e+01,5.842163e+02
1.460547e+01,5.711566e+02
1.461355e+01,5.583473e+02
1.462163e+01,5.457860e+02
1.462971e+01,5.334701e+02
1.463779e+01,5.213971e+02
1.464586e+01,5.095645e+02
1.465394e+01,4.979697e+02
1.466202e+01,4.866103e+02
1.467010e+01,4.754838e+02
1.467818e+01,4.645875e+02
1.468626e+01,4.539190e+02
1.469433e+01,4.434759e+02
1.470241e+01,4.332554e+02
1.471049e+01,4.232553e+02
1.471857e+01,4.134728e+02
1.472665e+01,4.039056e+02
1.473473e+01,3.945510e+02
1.474280e+01,3.854066e+02
1.475088e+01,3.764699e+02
1.475896e+01,3.677383e+02
1.476704e+01,3.592093e+02
1.477512e+01,3.508804e+02
1.478319e+01,3.427492e+02
1.479127e+01,3.348129e+02
1.479935e+01,3.270693e+02
1.480743e+01,3.195156e+02
1.481551e+01,3.121495e+02
1.482359e+01,3.049684e+02
1.483166e+01,2.979697e+02
1.483974e+01,2.911510e+02
1.484782e+01,2.845070e+02
1.485590e+01,2.779857e+02
1.486398e+01,2.715674e+02
1.487206e+01,2.652509e+02
1.488013e+01,2.590351e+02
1.488821e+01,2.529189e+02
1.489629e+01,2.469012e+02
1.490437e+01,2.409807e+02
1.491245e+01,2.351564e+02
1.492053e+01,2.294271e+02
1.492860e+01,2.237916e+02
1.493668e+01,2.182490e+02
1.494476e+01,2.127979e+02
1.495284e+01,2.074374e+02
1.496092e+01,2.021661e+02
1.496899e+01,1.969831e+02
1.497707e+01,1.918871e+02
1.498515e+01,1.868771e+02
1.499323e+01,1.819518e+02
1.500131e+01,1.771103e+02
1.500939e+01,1.723512e+02
1.501746e+01,1.676735e+02
1.502554e+01,1.630761e+02
1.503362e+01,1.585578e+02
1.504170e+01,1.541174e+02
1.504978e+01,1.497539e+02
1.505786e+01,1.454661e+02
1.506593e+01,1.412529e+02
1.507401e+01,1.371131e+02
1.508209e+01,1.330456e+02
1.509017e+01,1.290492e+02
1.509825e+01,1.251229e+02
1.510632e+01,1.212654e+02
1.511440e+01,1.174757e+02
1.512248e+01,1.137526e+02
1.513056e+01,1.100950e+02
1.513864e+01,1.065017e+02
1.514672e+01,1.029716e+02
1.515479e+01,9.950361e+01
1.516287e+01,9.609652e+01
1.517095e+01,9.274922e+01
1.517903e+01,8.946058e+01
1.518711e+01,8.622945e+01
1.519519e+01,8.305471e+01
1.520326e+01,7.991827e+01
1.521134e+01,7.678499e+01
1.521942e+01,7.366319e+01
1.522750e+01,7.056293e+01
1.523558e+01,6.749428e+01
1.524366e+01,6.446732e+01
1.525173e+01,6.149212e+01
1.525981e+01,5.857875e+01
1.526789e+01,5.573728e+01
1.527597e+01,5.297779e+01
1.528405e+01,5.031033e+01
1.529212e+01,4.774500e+01
1.530020e+01,4.529185e+01
1.530828e+01,4.296097e+01
1.531636e+01,4.076241e+01
1.532444e+01,3.870625e+01
1.533252e+01,3.680257e+01
1.534059e+01,3.506144e+01
1.534867e+01,3.349292e+01
1.535675e+01,3.210709e+01
1.536483e+01,3.091235e+01
1.537291e+01,2.981764e+01
1.538099e+01,2.876537e+01
1.538906e+01,2.775413e+01
1.539714e+01,2.678248e+01
1.540522e+01,2.584898e+01
1.541330e+01,2.495223e+01
1.542138e+01,2.409077e+01
1.542945e+01,2.326320e+01
1.543753e+01,2.246807e+01
1.544561e+01,2.170396e+01
1.545369e+01,2.096944e+01
1.546177e+01,2.026309e+01
1.546985e+01,1.958346e+01
1.547792e+01,1.892915e+01
1.548600e+01,1.829871e+01
1.549408e+01,1.769072e+01
1.550216e+01,1.710375e+01
1.551024e+01,1.653637e+01
1.551832e+01,1.598716e+01
1.552639e+01,1.545468e+01
1.553447e+01,1.493750e+01
1.554255e+01,1.443421e+01
1.555063e+01,1.394336e+01
1.555871e+01,1.346353e+01
1.556679e+01,1.299330e+01
1.557486e+01,1.253123e+01
1.558294e+01,1.207592e+01
1.559102e+01,1.162690e+01
1.559910e+01,1.118459e+01
1.560718e+01,1.074942e+01
1.561525e+01,1.032180e+01
1.562333e+01,9.902157e+00
1.563141e+01,9.490905e+00
1.563949e+01,9.088465e+00
1.564757e+01,8.695255e+00
1.565565e+01,8.311694e+00
1.566372e+01,7.938202e+00
1.567180e+01,7.575198e+00
1.567988e+01,7.223100e+00
1.568796e+01,6.882328e+00
1.569604e+01,6.553301e+00
1.570412e+01,6.236438e+00
1.571219e+01,5.932158e+00
1.572027e+01,5.640879e+00
1.572835e+01,5.363022e+00
1.573643e+01,5.099004e+00
1.574451e+01,4.849246e+00
1.575258e+01,4.614166e+00
1.576066e+01,4.394183e+00
1.576874e+01,4.189716e+00
1.577682e+01,4.001135e+00
1.578490e+01,3.822589e+00
1.579298e+01,3.649857e+00
1.580105e+01,3.482955e+00
1.580913e+01,3.321898e+00
1.581721e+01,3.166701e+00
1.582529e+01,3.017379e+00
1.583337e+01,2.873949e+00
1.584145e+01,2.736424e+00
1.584952e+01,2.604822e+00
1.585760e+01,2.479156e+00
1.586568e+01,2.359442e+00
1.587376e+01,2.245695e+00
1.588184e+01,2.137931e+00
1.588992e+01,2.036165e+00
1.589799e+01,1.940412e+00
1.590607e+01,1.850688e+00
1.591415e+01,1.767008e+00
1.592223e+01,1.689387e+00
1.593031e+01,1.617118e+00
1.593838e+01,1.548455e+00
1.594646e+01,1.483114e+00
1.595454e+01,1.420872e+00
1.596262e+01,1.361507e+00
1.597070e+01,1.304794e+00
1.597878e+01,1.250511e+00
1.598685e+01,1.198434e+00
1.599493e+01,1.148341e+00
1.600301e+01,1.100007e+00
1.601109e+01,1.053211e+00
1.601917e+01,1.007729e+00
1.602725e+01,9.633371e-01
1.603532e+01,9.198128e-01
1.604340e+01,8.769329e-01
1.605148e+01,8.344741e-01
1.605956e+01,7.922134e-01
1.606764e+01,7.499274e-01
1.607571e+01,7.073931e-01
1.608379e+01,6.643873e-01
1.609187e+01,6.206868e-01
1.609995e+01,5.761089e-01
1.610803e+01,5.320576e-01
1.611611e+01,4.891813e-01
1.612418e+01,4.472903e-01
1.613226e+01,4.061948e-01
1.614034e+01,3.657051e-01
1.614842e+01,3.256315e-01
