E_nu_MeV,X_times_N_nue
0.00000000e+00,0.00000000e+00
5.28828829e-02,1.52843712e+00
1.05765766e-01,6.10762249e+00
1.58648649e-01,1.37283671e+01
2.11531532e-01,2.43814820e+01
2.64414414e-01,3.80577780e+01
3.17297297e-01,5.47480664e+01
3.70180180e-01,7.44431580e+01
4.23063063e-01,9.71338638e+01
4.75945946e-01,1.22810995e+02
5.28828829e-01,1.51465362e+02
5.81711712e-01,1.83087777e+02
6.34594595e-01,2.17669049e+02
6.87477477e-01,2.55199991e+02
7.40360360e-01,2.95671414e+02
7.93243243e-01,3.39074127e+02
8.46126126e-01,3.85398943e+02
8.99009009e-01,4.34636672e+02
9.51891892e-01,4.86778125e+02
1.00477477e+00,5.41814113e+02
1.05765766e+00,5.99735448e+02
1.11054054e+00,6.60532940e+02
1.16342342e+00,7.24197400e+02
1.21630631e+00,7.90719639e+02
1.26918919e+00,8.60090469e+02
1.32207207e+00,9.32300700e+02
1.37495495e+00,1.00734114e+03
1.42783784e+00,1.08520261e+03
1.48072072e+00,1.16587591e+03
1.53360360e+00,1.24935185e+03
1.58648649e+00,1.33562126e+03
1.63936937e+00,1.42467493e+03
1.69225225e+00,1.51650367e+03
1.74513514e+00,1.61109831e+03
1.79801802e+00,1.70844965e+03
1.85090090e+00,1.80854849e+03
1.90378378e+00,1.91138566e+03
1.95666667e+00,2.01695197e+03
2.00954955e+00,2.12523822e+03
2.06243243e+00,2.23623522e+03
2.11531532e+00,2.34993379e+03
2.16819820e+00,2.46632473e+03
2.22108108e+00,2.58539887e+03
2.27396396e+00,2.70714700e+03
2.32684685e+00,2.83155995e+03
2.37972973e+00,2.95862851e+03
2.43261261e+00,3.08834351e+03
2.48549550e+00,3.22069575e+03
2.53837838e+00,3.35567604e+03
2.59126126e+00,3.49327520e+03
2.64414414e+00,3.63348404e+03
2.69702703e+00,3.77629336e+03
2.74990991e+00,3.92169399e+03
2.80279279e+00,4.06967672e+03
2.85567568e+00,4.22023237e+03
2.90855856e+00,4.37335175e+03
2.96144144e+00,4.52902567e+03
3.01432432e+00,4.68724495e+03
3.06720721e+00,4.84800039e+03
3.12009009e+00,5.01128281e+03
3.17297297e+00,5.17708301e+03
3.22585586e+00,5.34539181e+03
3.27873874e+00,5.51620002e+03
3.33162162e+00,5.68949845e+03
3.38450450e+00,5.86527791e+03
3.43738739e+00,6.04352921e+03
3.49027027e+00,6.22424316e+03
3.54315315e+00,6.40741057e+03
3.59603604e+00,6.59302226e+03
3.64891892e+00,6.78106904e+03
3.70180180e+00,6.97154171e+03
3.75468468e+00,7.16443109e+03
3.80756757e+00,7.35972798e+03
3.86045045e+00,7.55742321e+03
3.91333333e+00,7.75750757e+03
3.96621622e+00,7.95997189e+03
4.01909910e+00,8.16480697e+03
4.07198198e+00,8.37200362e+03
4.12486486e+00,8.58155265e+03
4.17774775e+00,8.79344488e+03
4.23063063e+00,9.00767112e+03
4.28351351e+00,9.22422218e+03
4.33639640e+00,9.44308886e+03
4.38927928e+00,9.66426198e+03
4.44216216e+00,9.88773235e+03
4.49504505e+00,1.01134908e+04
4.54792793e+00,1.03415281e+04
4.60081081e+00,1.05718351e+04
4.65369369e+00,1.08044026e+04
4.70657658e+00,1.10392213e+04
4.75945946e+00,1.12762823e+04
4.81234234e+00,1.15155761e+04
4.86522523e+00,1.17570937e+04
4.91810811e+00,1.20008258e+04
4.97099099e+00,1.22467633e+04
5.02387387e+00,1.24948969e+04
5.07675676e+00,1.27452175e+04
5.12963964e+00,1.29977160e+04
5.18252252e+00,1.32523830e+04
5.23540541e+00,1.35092094e+04
5.28828829e+00,1.37681861e+04
5.34117117e+00,1.40293038e+04
5.39405405e+00,1.42925534e+04
5.44693694e+00,1.45579256e+04
5.49981982e+00,1.48254113e+04
5.55270270e+00,1.50950012e+04
5.60558559e+00,1.53666863e+04
5.65846847e+00,1.56404573e+04
5.71135135e+00,1.59163049e+04
5.76423423e+00,1.61942201e+04
5.81711712e+00,1.64741937e+04
5.87000000e+00,1.67562164e+04
5.92288288e+00,1.70402790e+04
5.97576577e+00,1.73263724e+04
6.02864865e+00,1.76144874e+04
6.08153153e+00,1.79046148e+04
6.13441441e+00,1.81967454e+04
6.18729730e+00,1.84908700e+04
6.24018018e+00,1.87869794e+04
6.29306306e+00,1.90850644e+04
6.34594595e+00,1.93851160e+04
6.39882883e+00,1.96871247e+04
6.45171171e+00,1.99910815e+04
6.50459459e+00,2.02969773e+04
6.55747748e+00,2.06048026e+04
6.61036036e+00,2.09145485e+04
6.66324324e+00,2.12262058e+04
6.71612613e+00,2.15397651e+04
6.76900901e+00,2.18552174e+04
6.82189189e+00,2.21725534e+04
6.87477477e+00,2.24917639e+04
6.92765766e+00,2.28128399e+04
6.98054054e+00,2.31357720e+04
7.03342342e+00,2.34605511e+04
7.08630631e+00,2.37871680e+04
7.13918919e+00,2.41156135e+04
7.19207207e+00,2.44458785e+04
7.24495495e+00,2.47779536e+04
7.29783784e+00,2.51118299e+04
7.35072072e+00,2.54474979e+04
7.40360360e+00,2.57849487e+04
7.45648649e+00,2.61241729e+04
7.50936937e+00,2.64651614e+04
7.56225225e+00,2.68079050e+04
7.61513514e+00,2.71523945e+04
7.66801802e+00,2.74986207e+04
7.72090090e+00,2.78465745e+04
7.77378378e+00,2.81962466e+04
7.82666667e+00,2.85476279e+04
7.87954955e+00,2.89007091e+04
7.93243243e+00,2.92554811e+04
7.98531532e+00,2.96119347e+04
8.03819820e+00,2.99700607e+04
8.09108108e+00,3.03298499e+04
8.14396396e+00,3.06912931e+04
8.19684685e+00,3.10543811e+04
8.24972973e+00,3.14191048e+04
8.30261261e+00,3.17854550e+04
8.35549550e+00,3.21534224e+04
8.40837838e+00,3.25229979e+04
8.46126126e+00,3.28941722e+04
8.51414414e+00,3.32669363e+04
8.56702703e+00,3.36412809e+04
8.61990991e+00,3.40171968e+04
8.67279279e+00,3.43946748e+04
8.72567568e+00,3.47737058e+04
8.77855856e+00,3.51542805e+04
8.83144144e+00,3.55363898e+04
8.88432432e+00,3.59200244e+04
8.93720721e+00,3.63051753e+04
8.99009009e+00,3.66918331e+04
9.04297297e+00,3.70799887e+04
9.09585586e+00,3.74696330e+04
9.14873874e+00,3.78607567e+04
9.20162162e+00,3.82533506e+04
9.25450450e+00,3.86474056e+04
9.30738739e+00,3.90429124e+04
9.36027027e+00,3.94398620e+04
9.41315315e+00,3.98382450e+04
9.46603604e+00,4.02380522e+04
9.51891892e+00,4.06392747e+04
9.57180180e+00,4.10419030e+04
9.62468468e+00,4.14459280e+04
9.67756757e+00,4.18513406e+04
9.73045045e+00,4.22581315e+04
9.78333333e+00,4.26662916e+04
9.83621622e+00,4.30758117e+04
9.88909910e+00,4.34866826e+04
9.94198198e+00,4.38988950e+04
9.99486486e+00,4.43124399e+04
1.00477477e+01,4.47273079e+04
1.01006306e+01,4.51434900e+04
1.01535135e+01,4.55609770e+04
1.02063964e+01,4.59797595e+04
1.02592793e+01,4.63998286e+04
1.03121622e+01,4.68211749e+04
1.03650450e+01,4.72437893e+04
1.04179279e+01,4.76676626e+04
1.04708108e+01,4.80927856e+04
1.05236937e+01,4.85191491e+04
1.05765766e+01,4.89467439e+04
1.06294595e+01,4.93755609e+04
1.06823423e+01,4.98055908e+04
1.07352252e+01,5.02368245e+04
1.07881081e+01,5.06692527e+04
1.08409910e+01,5.11028664e+04
1.08938739e+01,5.15376562e+04
1.09467568e+01,5.19736130e+04
1.09996396e+01,5.24107277e+04
1.10525225e+01,5.28489909e+04
1.11054054e+01,5.32883936e+04
1.11582883e+01,5.37289266e+04
1.12111712e+01,5.41705806e+04
1.12640541e+01,5.46133464e+04
1.13169369e+01,5.50572150e+04
1.13698198e+01,5.55021770e+04
1.14227027e+01,5.59482234e+04
1.14755856e+01,5.63953448e+04
1.15284685e+01,5.68435322e+04
1.15813514e+01,5.72927764e+04
1.16342342e+01,5.77430680e+04
1.16871171e+01,5.81943980e+04
1.17400000e+01,5.86467572e+04
1.17928829e+01,5.91001364e+04
1.18457658e+01,5.95545264e+04
1.18986486e+01,6.00099179e+04
1.19515315e+01,6.04663019e+04
1.20044144e+01,6.09236691e+04
1.20572973e+01,6.13820103e+04
1.21101802e+01,6.18413164e+04
1.21630631e+01,6.23015781e+04
1.22159459e+01,6.27627863e+04
1.22688288e+01,6.32249318e+04
1.23217117e+01,6.36880054e+04
1.23745946e+01,6.41519978e+04
1.24274775e+01,6.46169000e+04
1.24803604e+01,6.50827027e+04
1.25332432e+01,6.55493968e+04
1.25861261e+01,6.60169729e+04
1.26390090e+01,6.64854221e+04
1.26918919e+01,6.69547350e+04
1.27447748e+01,6.74249024e+04
1.27976577e+01,6.78959153e+04
1.28505405e+01,6.83677644e+04
1.29034234e+01,6.88404404e+04
1.29563063e+01,6.93139343e+04
1.30091892e+01,6.97882368e+04
1.30620721e+01,7.02633388e+04
1.31149550e+01,7.07392310e+04
1.31678378e+01,7.12159043e+04
1.32207207e+01,7.16933495e+04
1.32736036e+01,7.21715573e+04
1.33264865e+01,7.26505187e+04
1.33793694e+01,7.31302243e+04
1.34322523e+01,7.36106651e+04
1.34851351e+01,7.40918318e+04
1.35380180e+01,7.45737153e+04
1.35909009e+01,7.50563063e+04
1.36437838e+01,7.55395957e+04
1.36966667e+01,7.60235742e+04
1.37495495e+01,7.65082327e+04
1.38024324e+01,7.69935620e+04
1.38553153e+01,7.74795530e+04
1.39081982e+01,7.79661963e+04
1.39610811e+01,7.84534829e+04
1.40139640e+01,7.89414035e+04
1.40668468e+01,7.94299490e+04
1.41197297e+01,7.99191102e+04
1.41726126e+01,8.04088778e+04
1.42254955e+01,8.08992427e+04
1.42783784e+01,8.13901957e+04
1.43312613e+01,8.18817276e+04
1.43841441e+01,8.23738292e+04
1.44370270e+01,8.28664913e+04
1.44899099e+01,8.33597048e+04
1.45427928e+01,8.38534605e+04
1.45956757e+01,8.43477491e+04
1.46485586e+01,8.48425614e+04
1.47014414e+01,8.53378884e+04
1.47543243e+01,8.58337207e+04
1.48072072e+01,8.63300493e+04
1.48600901e+01,8.68268649e+04
1.49129730e+01,8.73241583e+04
1.49658559e+01,8.78219203e+04
1.50187387e+01,8.83201418e+04
1.50716216e+01,8.88188136e+04
1.51245045e+01,8.93179264e+04
1.51773874e+01,8.98174711e+04
1.52302703e+01,9.03174385e+04
1.52831532e+01,9.08178194e+04
1.53360360e+01,9.13186047e+04
1.53889189e+01,9.18197850e+04
1.54418018e+01,9.23213513e+04
1.54946847e+01,9.28232943e+04
1.55475676e+01,9.33256049e+04
1.56004505e+01,9.38282739e+04
1.56533333e+01,9.43312921e+04
1.57062162e+01,9.48346502e+04
1.57590991e+01,9.53383392e+04
1.58119820e+01,9.58423497e+04
1.58648649e+01,9.63466727e+04
1.59177477e+01,9.68512989e+04
1.59706306e+01,9.73562192e+04
1.60235135e+01,9.78614243e+04
1.60763964e+01,9.83669052e+04
1.61292793e+01,9.88726524e+04
1.61821622e+01,9.93786570e+04
1.62350450e+01,9.98849097e+04
1.62879279e+01,1.00391401e+05
1.63408108e+01,1.00898123e+05
1.63936937e+01,1.01405064e+05
1.64465766e+01,1.01912218e+05
1.64994595e+01,1.02419573e+05
1.65523423e+01,1.02927121e+05
1.66052252e+01,1.03434853e+05
1.66581081e+01,1.03942760e+05
1.67109910e+01,1.04450832e+05
1.67638739e+01,1.04959061e+05
1.68167568e+01,1.05467436e+05
1.68696396e+01,1.05975949e+05
1.69225225e+01,1.06484591e+05
1.69754054e+01,1.06993352e+05
1.70282883e+01,1.07502224e+05
1.70811712e+01,1.08011196e+05
1.71340541e+01,1.08520261e+05
1.71869369e+01,1.09029408e+05
1.72398198e+01,1.09538629e+05
1.72927027e+01,1.10047914e+05
1.73455856e+01,1.10557254e+05
1.73984685e+01,1.11066640e+05
1.74513514e+01,1.11576063e+05
1.75042342e+01,1.12085514e+05
1.75571171e+01,1.12594982e+05
1.76100000e+01,1.13104460e+05
1.76628829e+01,1.13613938e+05
1.77157658e+01,1.14123407e+05
1.77686486e+01,1.14632858e+05
1.78215315e+01,1.15142281e+05
1.78744144e+01,1.15651667e+05
1.79272973e+01,1.16161007e+05
1.79801802e+01,1.16670292e+05
1.80330631e+01,1.17179513e+05
1.80859459e+01,1.17688660e+05
1.81388288e+01,1.18197724e+05
1.81917117e+01,1.18706697e+05
1.82445946e+01,1.19215569e+05
1.82974775e+01,1.19724330e+05
1.83503604e+01,1.20232972e+05
1.84032432e+01,1.20741485e+05
1.84561261e+01,1.21249860e+05
1.85090090e+01,1.21758088e+05
1.85618919e+01,1.22266161e+05
1.86147748e+01,1.22774067e+05
1.86676577e+01,1.23281799e+05
1.87205405e+01,1.23789348e+05
1.87734234e+01,1.24296703e+05
1.88263063e+01,1.24803856e+05
1.88791892e+01,1.25310798e+05
1.89320721e+01,1.25817519e+05
1.89849550e+01,1.26324011e+05
1.90378378e+01,1.26830264e+05
1.90907207e+01,1.27336268e+05
1.91436036e+01,1.27842016e+05
1.91964865e+01,1.28347496e+05
1.92493694e+01,1.28852702e+05
1.93022523e+01,1.29357622e+05
1.93551351e+01,1.29862248e+05
1.94080180e+01,1.30366571e+05
1.94609009e+01,1.30870582e+05
1.95137838e+01,1.31374271e+05
1.95666667e+01,1.31877629e+05
1.96195495e+01,1.32380647e+05
1.96724324e+01,1.32883316e+05
1.97253153e+01,1.33385626e+05
1.97781982e+01,1.33887569e+05
1.98310811e+01,1.34389136e+05
1.98839640e+01,1.34890316e+05
1.99368468e+01,1.35391101e+05
1.99897297e+01,1.35891482e+05
2.00426126e+01,1.36391450e+05
2.00954955e+01,1.36890994e+05
2.01483784e+01,1.37390107e+05
2.02012613e+01,1.37888779e+05
2.02541441e+01,1.38387000e+05
2.03070270e+01,1.38884762e+05
2.03599099e+01,1.39382056e+05
2.04127928e+01,1.39878871e+05
2.04656757e+01,1.40375200e+05
2.05185586e+01,1.40871032e+05
2.05714414e+01,1.41366359e+05
2.06243243e+01,1.41861172e+05
2.06772072e+01,1.42355460e+05
2.07300901e+01,1.42849216e+05
2.07829730e+01,1.43342429e+05
2.08358559e+01,1.43835092e+05
2.08887387e+01,1.44327193e+05
2.09416216e+01,1.44818725e+05
2.09945045e+01,1.45309678e+05
2.10473874e+01,1.45800043e+05
2.11002703e+01,1.46289811e+05
2.11531532e+01,1.46778972e+05
2.12060360e+01,1.47267517e+05
2.12589189e+01,1.47755438e+05
2.13118018e+01,1.48242724e+05
2.13646847e+01,1.48729368e+05
2.14175676e+01,1.49215359e+05
2.14704505e+01,1.49700688e+05
2.15233333e+01,1.50185347e+05
2.15762162e+01,1.50669325e+05
2.16290991e+01,1.51152614e+05
2.16819820e+01,1.51635205e+05
2.17348649e+01,1.52117089e+05
2.17877477e+01,1.52598256e+05
2.18406306e+01,1.53078696e+05
2.18935135e+01,1.53558402e+05
2.19463964e+01,1.54037363e+05
2.19992793e+01,1.54515571e+05
2.20521622e+01,1.54993016e+05
2.21050450e+01,1.55469690e+05
2.21579279e+01,1.55945582e+05
2.22108108e+01,1.56420684e+05
2.22636937e+01,1.56894986e+05
2.23165766e+01,1.57368480e+05
2.23694595e+01,1.57841156e+05
2.24223423e+01,1.58313005e+05
2.24752252e+01,1.58784018e+05
2.25281081e+01,1.59254186e+05
2.25809910e+01,1.59723499e+05
2.26338739e+01,1.60191948e+05
2.26867568e+01,1.60659524e+05
2.27396396e+01,1.61126218e+05
2.27925225e+01,1.61592021e+05
2.28454054e+01,1.62056923e+05
2.28982883e+01,1.62520915e+05
2.29511712e+01,1.62983989e+05
2.30040541e+01,1.63446134e+05
2.30569369e+01,1.63907343e+05
2.31098198e+01,1.64367604e+05
2.31627027e+01,1.64826910e+05
2.32155856e+01,1.65285252e+05
2.32684685e+01,1.65742619e+05
2.33213514e+01,1.66199003e+05
2.33742342e+01,1.66654394e+05
2.34271171e+01,1.67108784e+05
2.34800000e+01,1.67562164e+05
2.35328829e+01,1.68014523e+05
2.35857658e+01,1.68465853e+05
2.36386486e+01,1.68916144e+05
2.36915315e+01,1.69365389e+05
2.37444144e+01,1.69813576e+05
2.37972973e+01,1.70260697e+05
2.38501802e+01,1.70706744e+05
2.39030631e+01,1.71151706e+05
2.39559459e+01,1.71595574e+05
2.40088288e+01,1.72038340e+05
2.40617117e+01,1.72479994e+05
2.41145946e+01,1.72920527e+05
2.41674775e+01,1.73359930e+05
2.42203604e+01,1.73798193e+05
2.42732432e+01,1.74235308e+05
2.43261261e+01,1.74671265e+05
2.43790090e+01,1.75106054e+05
2.44318919e+01,1.75539668e+05
2.44847748e+01,1.75972096e+05
2.45376577e+01,1.76403330e+05
2.45905405e+01,1.76833360e+05
2.46434234e+01,1.77262177e+05
2.46963063e+01,1.77689772e+05
2.47491892e+01,1.78116135e+05
2.48020721e+01,1.78541258e+05
2.48549550e+01,1.78965131e+05
2.49078378e+01,1.79387746e+05
2.49607207e+01,1.79809092e+05
2.50136036e+01,1.80229161e+05
2.50664865e+01,1.80647944e+05
2.51193694e+01,1.81065431e+05
2.51722523e+01,1.81481613e+05
2.52251351e+01,1.81896481e+05
2.52780180e+01,1.82310026e+05
2.53309009e+01,1.82722238e+05
2.53837838e+01,1.83133109e+05
2.54366667e+01,1.83542629e+05
2.54895495e+01,1.83950789e+05
2.55424324e+01,1.84357580e+05
2.55953153e+01,1.84762993e+05
2.56481982e+01,1.85167018e+05
2.57010811e+01,1.85569646e+05
2.57539640e+01,1.85970869e+05
2.58068468e+01,1.86370676e+05
2.58597297e+01,1.86769059e+05
2.59126126e+01,1.87166008e+05
2.59654955e+01,1.87561515e+05
2.60183784e+01,1.87955570e+05
2.60712613e+01,1.88348164e+05
2.61241441e+01,1.88739288e+05
2.61770270e+01,1.89128932e+05
2.62299099e+01,1.89517088e+05
2.62827928e+01,1.89903746e+05
2.63356757e+01,1.90288896e+05
2.63885586e+01,1.90672531e+05
2.64414414e+01,1.91054640e+05
2.64943243e+01,1.91435215e+05
2.65472072e+01,1.91814246e+05
2.66000901e+01,1.92191724e+05
2.66529730e+01,1.92567640e+05
2.67058559e+01,1.92941984e+05
2.67587387e+01,1.93314749e+05
2.68116216e+01,1.93685923e+05
2.68645045e+01,1.94055498e+05
2.69173874e+01,1.94423466e+05
2.69702703e+01,1.94789816e+05
2.70231532e+01,1.95154540e+05
2.70760360e+01,1.95517628e+05
2.71289189e+01,1.95879071e+05
2.71818018e+01,1.96238860e+05
2.72346847e+01,1.96596986e+05
2.72875676e+01,1.96953440e+05
2.73404505e+01,1.97308212e+05
2.73933333e+01,1.97661293e+05
2.74462162e+01,1.98012674e+05
2.74990991e+01,1.98362346e+05
2.75519820e+01,1.98710300e+05
2.76048649e+01,1.99056526e+05
2.76577477e+01,1.99401016e+05
2.77106306e+01,1.99743759e+05
2.77635135e+01,2.00084748e+05
2.78163964e+01,2.00423972e+05
2.78692793e+01,2.00761423e+05
2.79221622e+01,2.01097091e+05
2.79750450e+01,2.01430967e+05
2.80279279e+01,2.01763042e+05
2.80808108e+01,2.02093307e+05
2.81336937e+01,2.02421753e+05
2.81865766e+01,2.02748370e+05
2.82394595e+01,2.03073149e+05
2.82923423e+01,2.03396081e+05
2.83452252e+01,2.03717157e+05
2.83981081e+01,2.04036367e+05
2.84509910e+01,2.04353703e+05
2.85038739e+01,2.04669156e+05
2.85567568e+01,2.04982715e+05
2.86096396e+01,2.05294372e+05
2.86625225e+01,2.05604118e+05
2.87154054e+01,2.05911944e+05
2.87682883e+01,2.06217839e+05
2.88211712e+01,2.06521796e+05
2.88740541e+01,2.06823805e+05
2.89269369e+01,2.07123856e+05
2.89798198e+01,2.07421941e+05
2.90327027e+01,2.07718051e+05
2.90855856e+01,2.08012175e+05
2.91384685e+01,2.08304306e+05
2.91913514e+01,2.08594433e+05
2.92442342e+01,2.08882548e+05
2.92971171e+01,2.09168642e+05
2.93500000e+01,2.09452704e+05
2.94028829e+01,2.09734727e+05
2.94557658e+01,2.10014701e+05
2.95086486e+01,2.10292616e+05
2.95615315e+01,2.10568464e+05
2.96144144e+01,2.10842234e+05
2.96672973e+01,2.11113920e+05
2.97201802e+01,2.11383509e+05
2.97730631e+01,2.11650995e+05
2.98259459e+01,2.11916367e+05
2.98788288e+01,2.12179617e+05
2.99317117e+01,2.12440735e+05
2.99845946e+01,2.12699711e+05
3.00374775e+01,2.12956538e+05
3.00903604e+01,2.13211205e+05
3.01432432e+01,2.13463703e+05
3.01961261e+01,2.13714024e+05
3.02490090e+01,2.13962158e+05
3.03018919e+01,2.14208095e+05
3.03547748e+01,2.14451827e+05
3.04076577e+01,2.14693345e+05
3.04605405e+01,2.14932639e+05
3.05134234e+01,2.15169699e+05
3.05663063e+01,2.15404518e+05
3.06191892e+01,2.15637086e+05
3.06720721e+01,2.15867393e+05
3.07249550e+01,2.16095430e+05
3.07778378e+01,2.16321188e+05
3.08307207e+01,2.16544659e+05
3.08836036e+01,2.16765832e+05
3.09364865e+01,2.16984699e+05
3.09893694e+01,2.17201250e+05
3.10422523e+01,2.17415476e+05
3.10951351e+01,2.17627368e+05
3.11480180e+01,2.17836917e+05
3.12009009e+01,2.18044114e+05
3.12537838e+01,2.18248949e+05
3.13066667e+01,2.18451413e+05
3.13595495e+01,2.18651498e+05
3.14124324e+01,2.18849193e+05
3.14653153e+01,2.19044490e+05
3.15181982e+01,2.19237379e+05
3.15710811e+01,2.19427852e+05
3.16239640e+01,2.19615899e+05
3.16768468e+01,2.19801510e+05
3.17297297e+01,2.19984678e+05
3.17826126e+01,2.20165392e+05
3.18354955e+01,2.20343643e+05
3.18883784e+01,2.20519422e+05
3.19412613e+01,2.20692721e+05
3.19941441e+01,2.20863529e+05
3.20470270e+01,2.21031838e+05
3.20999099e+01,2.21197638e+05
3.21527928e+01,2.21360920e+05
3.22056757e+01,2.21521676e+05
3.22585586e+01,2.21679895e+05
3.23114414e+01,2.21835569e+05
3.23643243e+01,2.21988688e+05
3.24172072e+01,2.22139244e+05
3.24700901e+01,2.22287227e+05
3.25229730e+01,2.22432627e+05
3.25758559e+01,2.22575437e+05
3.26287387e+01,2.22715646e+05
3.26816216e+01,2.22853245e+05
3.27345045e+01,2.22988225e+05
3.27873874e+01,2.23120577e+05
3.28402703e+01,2.23250292e+05
3.28931532e+01,2.23377361e+05
3.29460360e+01,2.23501774e+05
3.29989189e+01,2.23623522e+05
3.30518018e+01,2.23742596e+05
3.31046847e+01,2.23858987e+05
3.31575676e+01,2.23972686e+05
3.32104505e+01,2.24083683e+05
3.32633333e+01,2.24191969e+05
3.33162162e+01,2.24297535e+05
3.33690991e+01,2.24400372e+05
3.34219820e+01,2.24500471e+05
3.34748649e+01,2.24597822e+05
3.35277477e+01,2.24692417e+05
3.35806306e+01,2.24784246e+05
3.36335135e+01,2.24873300e+05
3.36863964e+01,2.24959569e+05
3.37392793e+01,2.25043045e+05
3.37921622e+01,2.25123718e+05
3.38450450e+01,2.25201580e+05
3.38979279e+01,2.25276620e+05
3.39508108e+01,2.25348830e+05
3.40036937e+01,2.25418201e+05
3.40565766e+01,2.25484723e+05
3.41094595e+01,2.25548388e+05
3.41623423e+01,2.25609185e+05
3.42152252e+01,2.25667107e+05
3.42681081e+01,2.25722143e+05
3.43209910e+01,2.25774284e+05
3.43738739e+01,2.25823522e+05
3.44267568e+01,2.25869847e+05
3.44796396e+01,2.25913249e+05
3.45325225e+01,2.25953721e+05
3.45854054e+01,2.25991252e+05
3.46382883e+01,2.26025833e+05
3.46911712e+01,2.26057455e+05
3.47440541e+01,2.26086110e+05
3.47969369e+01,2.26111787e+05
3.48498198e+01,2.26134478e+05
3.49027027e+01,2.26154173e+05
3.49555856e+01,2.26170863e+05
3.50084685e+01,2.26184539e+05
3.50613514e+01,2.26195192e+05
3.51142342e+01,2.26202813e+05
3.51671171e+01,2.26207392e+05
3.52200000e+01,2.26208921e+05
3.52728829e+01,2.26207389e+05
3.53257658e+01,2.26202789e+05
3.53786486e+01,2.26195110e+05
3.54315315e+01,2.26184343e+05
3.54844144e+01,2.26170480e+05
3.55372973e+01,2.26153511e+05
3.55901802e+01,2.26133427e+05
3.56430631e+01,2.26110219e+05
3.56959459e+01,2.26083877e+05
3.57488288e+01,2.26054392e+05
3.58017117e+01,2.26021756e+05
3.58545946e+01,2.25985959e+05
3.59074775e+01,2.25946991e+05
3.59603604e+01,2.25904844e+05
3.60132432e+01,2.25859509e+05
3.60661261e+01,2.25810976e+05
3.61190090e+01,2.25759236e+05
3.61718919e+01,2.25704279e+05
3.62247748e+01,2.25646098e+05
3.62776577e+01,2.25584681e+05
3.63305405e+01,2.25520021e+05
3.63834234e+01,2.25452109e+05
3.64363063e+01,2.25380934e+05
3.64891892e+01,2.25306487e+05
3.65420721e+01,2.25228761e+05
3.65949550e+01,2.25147744e+05
3.66478378e+01,2.25063429e+05
3.67007207e+01,2.24975806e+05
3.67536036e+01,2.24884865e+05
3.68064865e+01,2.24790599e+05
3.68593694e+01,2.24692996e+05
3.69122523e+01,2.24592049e+05
3.69651351e+01,2.24487747e+05
3.70180180e+01,2.24380083e+05
3.70709009e+01,2.24269046e+05
3.71237838e+01,2.24154628e+05
3.71766667e+01,2.24036819e+05
3.72295495e+01,2.23915610e+05
3.72824324e+01,2.23790991e+05
3.73353153e+01,2.23662955e+05
3.73881982e+01,2.23531491e+05
3.74410811e+01,2.23396590e+05
3.74939640e+01,2.23258244e+05
3.75468468e+01,2.23116442e+05
3.75997297e+01,2.22971176e+05
3.76526126e+01,2.22822437e+05
3.77054955e+01,2.22670215e+05
3.77583784e+01,2.22514501e+05
3.78112613e+01,2.22355287e+05
3.78641441e+01,2.22192562e+05
3.79170270e+01,2.22026317e+05
3.79699099e+01,2.21856544e+05
3.80227928e+01,2.21683234e+05
3.80756757e+01,2.21506376e+05
3.81285586e+01,2.21325962e+05
3.81814414e+01,2.21141983e+05
3.82343243e+01,2.20954430e+05
3.82872072e+01,2.20763292e+05
3.83400901e+01,2.20568562e+05
3.83929730e+01,2.20370230e+05
3.84458559e+01,2.20168286e+05
3.84987387e+01,2.19962722e+05
3.85516216e+01,2.19753528e+05
3.86045045e+01,2.19540696e+05
3.86573874e+01,2.19324215e+05
3.87102703e+01,2.19104077e+05
3.87631532e+01,2.18880273e+05
3.88160360e+01,2.18652793e+05
3.88689189e+01,2.18421629e+05
3.89218018e+01,2.18186770e+05
3.89746847e+01,2.17948208e+05
3.90275676e+01,2.17705934e+05
3.90804505e+01,2.17459938e+05
3.91333333e+01,2.17210212e+05
3.91862162e+01,2.16956746e+05
3.92390991e+01,2.16699530e+05
3.92919820e+01,2.16438556e+05
3.93448649e+01,2.16173815e+05
3.93977477e+01,2.15905297e+05
3.94506306e+01,2.15632994e+05
3.95035135e+01,2.15356895e+05
3.95563964e+01,2.15076992e+05
3.96092793e+01,2.14793275e+05
3.96621622e+01,2.14505736e+05
3.97150450e+01,2.14214365e+05
3.97679279e+01,2.13919153e+05
3.98208108e+01,2.13620091e+05
3.98736937e+01,2.13317169e+05
3.99265766e+01,2.13010379e+05
3.99794595e+01,2.12699711e+05
4.00323423e+01,2.12385157e+05
4.00852252e+01,2.12066706e+05
4.01381081e+01,2.11744349e+05
4.01909910e+01,2.11418079e+05
4.02438739e+01,2.11087884e+05
4.02967568e+01,2.10753757e+05
4.03496396e+01,2.10415687e+05
4.04025225e+01,2.10073666e+05
4.04554054e+01,2.09727685e+05
4.05082883e+01,2.09377734e+05
4.05611712e+01,2.09023805e+05
4.06140541e+01,2.08665887e+05
4.06669369e+01,2.08303972e+05
4.07198198e+01,2.07938051e+05
4.07727027e+01,2.07568114e+05
4.08255856e+01,2.07194152e+05
4.08784685e+01,2.06816157e+05
4.09313514e+01,2.06434118e+05
4.09842342e+01,2.06048026e+05
4.10371171e+01,2.05657874e+05
4.10900000e+01,2.05263650e+05
4.11428829e+01,2.04865347e+05
4.11957658e+01,2.04462954e+05
4.12486486e+01,2.04056464e+05
4.13015315e+01,2.03645865e+05
4.13544144e+01,2.03231151e+05
4.14072973e+01,2.02812310e+05
4.14601802e+01,2.02389334e+05
4.15130631e+01,2.01962214e+05
4.15659459e+01,2.01530940e+05
4.16188288e+01,2.01095504e+05
4.16717117e+01,2.00655896e+05
4.17245946e+01,2.00212107e+05
4.17774775e+01,1.99764128e+05
4.18303604e+01,1.99311950e+05
4.18832432e+01,1.98855563e+05
4.19361261e+01,1.98394958e+05
4.19890090e+01,1.97930126e+05
4.20418919e+01,1.97461058e+05
4.20947748e+01,1.96987745e+05
4.21476577e+01,1.96510178e+05
4.22005405e+01,1.96028346e+05
4.22534234e+01,1.95542242e+05
4.23063063e+01,1.95051856e+05
4.23591892e+01,1.94557178e+05
4.24120721e+01,1.94058200e+05
4.24649550e+01,1.93554912e+05
4.25178378e+01,1.93047306e+05
4.25707207e+01,1.92535371e+05
4.26236036e+01,1.92019099e+05
4.26764865e+01,1.91498481e+05
4.27293694e+01,1.90973508e+05
4.27822523e+01,1.90444169e+05
4.28351351e+01,1.89910457e+05
4.28880180e+01,1.89372361e+05
4.29409009e+01,1.88829873e+05
4.29937838e+01,1.88282983e+05
4.30466667e+01,1.87731683e+05
4.30995495e+01,1.87175963e+05
4.31524324e+01,1.86615814e+05
4.32053153e+01,1.86051226e+05
4.32581982e+01,1.85482191e+05
4.33110811e+01,1.84908700e+05
4.33639640e+01,1.84330742e+05
4.34168468e+01,1.83748310e+05
4.34697297e+01,1.83161393e+05
4.35226126e+01,1.82569983e+05
4.35754955e+01,1.81974070e+05
4.36283784e+01,1.81373645e+05
4.36812613e+01,1.80768700e+05
4.37341441e+01,1.80159224e+05
4.37870270e+01,1.79545209e+05
4.38399099e+01,1.78926645e+05
4.38927928e+01,1.78303523e+05
4.39456757e+01,1.77675835e+05
4.39985586e+01,1.77043571e+05
4.40514414e+01,1.76406721e+05
4.41043243e+01,1.75765276e+05
4.41572072e+01,1.75119228e+05
4.42100901e+01,1.74468567e+05
4.42629730e+01,1.73813285e+05
4.43158559e+01,1.73153370e+05
4.43687387e+01,1.72488816e+05
4.44216216e+01,1.71819611e+05
4.44745045e+01,1.71145748e+05
4.45273874e+01,1.70467217e+05
4.45802703e+01,1.69784009e+05
4.46331532e+01,1.69096114e+05
4.46860360e+01,1.68403524e+05
4.47389189e+01,1.67706229e+05
4.47918018e+01,1.67004220e+05
4.48446847e+01,1.66297487e+05
4.48975676e+01,1.65586023e+05
4.49504505e+01,1.64869817e+05
4.50033333e+01,1.64148860e+05
4.50562162e+01,1.63423144e+05
4.51090991e+01,1.62692658e+05
4.51619820e+01,1.61957394e+05
4.52148649e+01,1.61217342e+05
4.52677477e+01,1.60472494e+05
4.53206306e+01,1.59722840e+05
4.53735135e+01,1.58968371e+05
4.54263964e+01,1.58209078e+05
4.54792793e+01,1.57444951e+05
4.55321622e+01,1.56675982e+05
4.55850450e+01,1.55902161e+05
4.56379279e+01,1.55123479e+05
4.56908108e+01,1.54339927e+05
4.57436937e+01,1.53551495e+05
4.57965766e+01,1.52758175e+05
4.58494595e+01,1.51959957e+05
4.59023423e+01,1.51156832e+05
4.59552252e+01,1.50348791e+05
4.60081081e+01,1.49535825e+05
4.60609910e+01,1.48717924e+05
4.61138739e+01,1.47895080e+05
4.61667568e+01,1.47067283e+05
4.62196396e+01,1.46234523e+05
4.62725225e+01,1.45396793e+05
4.63254054e+01,1.44554082e+05
4.63782883e+01,1.43706381e+05
4.64311712e+01,1.42853682e+05
4.64840541e+01,1.41995974e+05
4.65369369e+01,1.41133250e+05
4.65898198e+01,1.40265499e+05
4.66427027e+01,1.39392712e+05
4.66955856e+01,1.38514881e+05
4.67484685e+01,1.37631995e+05
4.68013514e+01,1.36744047e+05
4.68542342e+01,1.35851026e+05
4.69071171e+01,1.34952924e+05
4.69600000e+01,1.34049731e+05
4.70128829e+01,1.33141438e+05
4.70657658e+01,1.32228036e+05
4.71186486e+01,1.31309516e+05
4.71715315e+01,1.30385868e+05
4.72244144e+01,1.29457084e+05
4.72772973e+01,1.28523153e+05
4.73301802e+01,1.27584068e+05
4.73830631e+01,1.26639819e+05
4.74359459e+01,1.25690396e+05
4.74888288e+01,1.24735790e+05
4.75417117e+01,1.23775993e+05
4.75945946e+01,1.22810995e+05
4.76474775e+01,1.21840786e+05
4.77003604e+01,1.20865359e+05
4.77532432e+01,1.19884702e+05
4.78061261e+01,1.18898808e+05
4.78590090e+01,1.17907667e+05
4.79118919e+01,1.16911270e+05
4.79647748e+01,1.15909608e+05
4.80176577e+01,1.14902671e+05
4.80705405e+01,1.13890451e+05
4.81234234e+01,1.12872937e+05
4.81763063e+01,1.11850122e+05
4.82291892e+01,1.10821995e+05
4.82820721e+01,1.09788548e+05
4.83349550e+01,1.08749771e+05
4.83878378e+01,1.07705656e+05
4.84407207e+01,1.06656192e+05
4.84936036e+01,1.05601372e+05
4.85464865e+01,1.04541185e+05
4.85993694e+01,1.03475622e+05
4.86522523e+01,1.02404675e+05
4.87051351e+01,1.01328333e+05
4.87580180e+01,1.00246589e+05
4.88109009e+01,9.91594320e+04
4.88637838e+01,9.80668536e+04
4.89166667e+01,9.69688446e+04
4.89695495e+01,9.58653957e+04
4.90224324e+01,9.47564978e+04
4.90753153e+01,9.36421415e+04
4.91281982e+01,9.25223178e+04
4.91810811e+01,9.13970175e+04
4.92339640e+01,9.02662313e+04
4.92868468e+01,8.91299501e+04
4.93397297e+01,8.79881647e+04
4.93926126e+01,8.68408659e+04
4.94454955e+01,8.56880445e+04
4.94983784e+01,8.45296913e+04
4.95512613e+01,8.33657971e+04
4.96041441e+01,8.21963528e+04
4.96570270e+01,8.10213492e+04
4.97099099e+01,7.98407770e+04
4.97627928e+01,7.86546271e+04
4.98156757e+01,7.74628903e+04
4.98685586e+01,7.62655573e+04
4.99214414e+01,7.50626191e+04
4.99743243e+01,7.38540664e+04
5.00272072e+01,7.26398901e+04
5.00800901e+01,7.14200809e+04
5.01329730e+01,7.01946296e+04
5.01858559e+01,6.89635271e+04
5.02387387e+01,6.77267642e+04
5.02916216e+01,6.64843316e+04
5.03445045e+01,6.52362203e+04
5.03973874e+01,6.39824210e+04
5.04502703e+01,6.27229244e+04
5.05031532e+01,6.14577216e+04
5.05560360e+01,6.01868031e+04
5.06089189e+01,5.89101599e+04
5.06618018e+01,5.76277828e+04
5.07146847e+01,5.63396626e+04
5.07675676e+01,5.50457900e+04
5.08204505e+01,5.37461559e+04
5.08733333e+01,5.24407512e+04
5.09262162e+01,5.11295665e+04
5.09790991e+01,4.98125928e+04
5.10319820e+01,4.84898209e+04
5.10848649e+01,4.71612414e+04
5.11377477e+01,4.58268454e+04
5.11906306e+01,4.44866235e+04
5.12435135e+01,4.31405666e+04
5.12963964e+01,4.17886655e+04
5.13492793e+01,4.04309110e+04
5.14021622e+01,3.90672939e+04
5.14550450e+01,3.76978051e+04
5.15079279e+01,3.63224353e+04
5.15608108e+01,3.49411753e+04
5.16136937e+01,3.35540160e+04
5.16665766e+01,3.21609482e+04
5.17194595e+01,3.07619626e+04
5.17723423e+01,2.93570502e+04
5.18252252e+01,2.79462016e+04
5.18781081e+01,2.65294078e+04
5.19309910e+01,2.51066595e+04
5.19838739e+01,2.36779476e+04
5.20367568e+01,2.22432627e+04
5.20896396e+01,2.08025959e+04
5.21425225e+01,1.93559378e+04
5.21954054e+01,1.79032793e+04
5.22482883e+01,1.64446112e+04
5.23011712e+01,1.49799243e+04
5.23540541e+01,1.35092094e+04
5.24069369e+01,1.20324574e+04
5.24598198e+01,1.05496590e+04
5.25127027e+01,9.06080499e+03
5.25655856e+01,7.56588628e+03
5.26184685e+01,6.06489364e+03
5.26713514e+01,4.55781788e+03
5.27242342e+01,3.04464981e+03
5.27771171e+01,1.52538025e+03
5.28300000e+01,0.00000000e+00
